<?xml version="1.0" encoding="utf-8"?>
<odoo>
    <!--
        CoA Base (Chart of Account - Plan de cuentas para todos los actores económicos)
    -->

    <!-- Commmon Chart of Account  -->
    <record id="l10n_cu_chart_template_common" model="account.chart.template">
        <field name="name">Cuba - Plan Contable Común (494/2016 modified by 407/2019)</field>
        <field name="visible" eval="0"/>
        <field name="code_digits">3</field>
        <field name="cash_account_code_prefix">101.</field>
        <field name="bank_account_code_prefix">109.</field>
        <field name="transfer_account_code_prefix">108.</field>
        <field name="currency_id" ref="base.CUP"/>
        <field name="country_id" ref="base.cu"/>
    </record>

    <!-- Chart Template for Freelace (TCP)-->
    <record id="l10n_cu_chart_template_freelance" model="account.chart.template">
        <field name="name">Cuba - Plan Contable TCP</field>
       <!--  <field name="complete_tax_set" eval="True"/> -->
        <field name="code_digits">3</field> 
        <field name="cash_account_code_prefix">101.</field>
        <field name="bank_account_code_prefix">109.</field>
        <field name="transfer_account_code_prefix">108.</field>
        <field name="parent_id" ref="l10n_cu_chart_template_common"/>
        <field name="currency_id" ref="base.CUP"/>
        <field name="country_id" ref="base.cu"/>
    </record>

    <!-- Chart of Account for Public Company, except for Insurance's Company -->
    <record id="l10n_cu_chart_template_public" model="account.chart.template">
        <field name="name">Cuba - Plan Contable Empresas Públicas</field>
        <!-- <field name="complete_tax_set" eval="True"/> -->
        <field name="code_digits">3</field>
        <field name="cash_account_code_prefix">101.</field>
        <field name="bank_account_code_prefix">109.</field>
        <field name="transfer_account_code_prefix">108.</field>
        <field name="parent_id" ref="l10n_cu_chart_template_common"/>
        <field name="currency_id" ref="base.CUP"/>
        <field name="country_id" ref="base.cu"/>
    </record>

    <!-- Chart of Account for Private Company and Cooperative Sector -->
    <record id="l10n_cu_chart_template_private" model="account.chart.template">
        <field name="name">Cuba - Plan Contable Sector Privado y Cooperativo</field>
        <!-- <field name="complete_tax_set" eval="True"/> -->
        <field name="code_digits">3</field>
        <field name="cash_account_code_prefix">101.</field>
        <field name="bank_account_code_prefix">109.</field>
        <field name="transfer_account_code_prefix">108.</field>
        <field name="parent_id" ref="l10n_cu_chart_template_common"/>
        <field name="currency_id" ref="base.CUP"/>
        <field name="country_id" ref="base.cu"/>
    </record>

</odoo>