<?xml version="1.0" encoding="utf-8"?>
<odoo>
        <!-- account.tax.group -->
        <record id="cu_tax_group_sale" model="account.tax.group">
            <field name="name">Impuestos sobre las ventas (Sector Privado)</field>
        </record>

<!--        Impuestos TCP -->
        <record id="tcp_cu_tax10_sale" model="account.tax.template">
            <field name="sequence">1</field>
            <field name="chart_template_id" ref="l10n_cu_chart_template_freelance"/>
            <field name="name">10% VENTAS TCP (BASE)</field>
            <field name="description">10% VENTAS TCP</field>
            <field name="amount">10</field>
            <field name="amount_type">percent</field>
            <field name="type_tax_use">sale</field>
            <field name="invoice_repartition_line_ids" eval="[(5, 0, 0),
                (0,0, {
                    'factor_percent': 100,
                    'repartition_type': 'base',
                }),
                (0,0, {
                    'factor_percent': 100,
                    'repartition_type': 'tax',
                    'account_id': ref('account_tcp_8101000'),
                }),
            ]"/>
            <field name="refund_repartition_line_ids" eval="[(5, 0, 0),
                (0,0, {
                    'factor_percent': 100,
                    'repartition_type': 'base',
                }),
                (0,0, {
                    'factor_percent': 100,
                    'repartition_type': 'tax',
                    'account_id': ref('account_tcp_8101000'),
                }),
            ]"/>
            <field name="tax_group_id" ref="cu_tax_group_sale"/>
        </record>
        <record id="tcp_cu_tax10_sale_reverse" model="account.tax.template">
            <field name="sequence">2</field>
            <field name="chart_template_id" ref="l10n_cu_chart_template_freelance"/>
            <field name="name">10% VENTAS TCP (INVERSA)</field>
            <field name="description">10% VENTAS TCP</field>
            <field name="type_tax_use">none</field>
            <field name="amount">-10.0</field>
            <field name="amount_type">percent</field>
            <field name="invoice_repartition_line_ids" eval="[(5, 0, 0),
                (0,0, {
                    'factor_percent': 100,
                    'repartition_type': 'base',
                }),
                (0,0, {
                    'factor_percent': 100,
                    'repartition_type': 'tax',
                    'account_id': ref('account_common_8050000'),
                }),
            ]"/>
            <field name="refund_repartition_line_ids" eval="[(5, 0, 0),
                (0,0, {
                    'factor_percent': 100,
                    'repartition_type': 'base',
                }),
                (0,0, {
                    'factor_percent': 100,
                    'repartition_type': 'tax',
                    'account_id': ref('account_common_8050000'),
                }),
            ]"/>
            <field name="tax_group_id" ref="cu_tax_group_sale"/>
        </record>
        <record id="tcp_cu_tax10_sale_all" model="account.tax.template">
            <field name="sequence">3</field>
            <field name="chart_template_id" ref="l10n_cu_chart_template_freelance"/>
            <field name="name">10% VENTAS TCP (IMPUESTO)</field>
            <field name="description">10% VENTAS TCP</field>
            <field name="type_tax_use">sale</field>
            <field name="amount">0.0</field>
            <field name="amount_type">group</field>
            <field name="children_tax_ids" eval="[(6, 0, [ref('tcp_cu_tax10_sale'), ref('tcp_cu_tax10_sale_reverse')])]"/>
            <field name="tax_group_id" ref="cu_tax_group_sale"/>
        </record>
        <record id="tcp_cu_tax0_sale" model="account.tax.template">
            <field name="sequence">4</field>
            <field name="chart_template_id" ref="l10n_cu_chart_template_freelance"/>
            <field name="name">0% TCP (VENTAS)</field>
            <field name="description">0% VENTAS TCP</field>
            <field name="amount">0</field>
            <field name="amount_type">percent</field>
            <field name="type_tax_use">sale</field>
            <field name="invoice_repartition_line_ids" eval="[(5, 0, 0),
                (0,0, {
                    'factor_percent': 100,
                    'repartition_type': 'base',
                }),
                (0,0, {
                    'factor_percent': 100,
                    'repartition_type': 'tax',
                }),
            ]"/>
            <field name="refund_repartition_line_ids" eval="[(5, 0, 0),
                (0,0, {
                    'factor_percent': 100,
                    'repartition_type': 'base',
                }),
                (0,0, {
                    'factor_percent': 100,
                    'repartition_type': 'tax',
                }),
            ]"/>
            <field name="tax_group_id" ref="cu_tax_group_sale"/>
            <field name="active" eval="True"/>
        </record>

<!--        Impuestos PRIVADO-COOPERATIVO -->
        <record id="private_cu_tax1_sale" model="account.tax.template">
            <field name="sequence">10</field>
            <field name="chart_template_id" ref="l10n_cu_chart_template_private"/>
            <field name="name">1% VENTAS PRIVADO-COOPERATIVO (BASE)</field>
            <field name="description">1% VENTAS SECTOR PRIVADO Y COOPERATIVO</field>
            <field name="amount">1</field>
            <field name="amount_type">percent</field>
            <field name="type_tax_use">sale</field>
            <field name="invoice_repartition_line_ids" eval="[(5, 0, 0),
                (0,0, {
                    'factor_percent': 100,
                    'repartition_type': 'base',
                }),
                (0,0, {
                    'factor_percent': 100,
                    'repartition_type': 'tax',
                    'account_id': ref('account_private_4400104'),
                }),
            ]"/>
            <field name="refund_repartition_line_ids" eval="[(5, 0, 0),
                (0,0, {
                    'factor_percent': 100,
                    'repartition_type': 'base',
                }),
                (0,0, {
                    'factor_percent': 100,
                    'repartition_type': 'tax',
                    'account_id': ref('account_private_4400104'),
                }),
            ]"/>
            <field name="tax_group_id" ref="cu_tax_group_sale"/>
        </record>
        <record id="private_cu_tax10_sale" model="account.tax.template">
            <field name="sequence">11</field>
            <field name="chart_template_id" ref="l10n_cu_chart_template_private"/>
            <field name="name">10% VENTAS PRIVADO-COOPERATIVO (BASE)</field>
            <field name="description">10% VENTAS SECTOR PRIVADO Y COOPERATIVO</field>
            <field name="amount">10</field>
            <field name="amount_type">percent</field>
            <field name="type_tax_use">sale</field>
            <field name="invoice_repartition_line_ids" eval="[(5, 0, 0),
                (0,0, {
                    'factor_percent': 100,
                    'repartition_type': 'base',
                }),
                (0,0, {
                    'factor_percent': 100,
                    'repartition_type': 'tax',
                    'account_id': ref('account_private_4400102'),
                }),
            ]"/>
            <field name="refund_repartition_line_ids" eval="[(5, 0, 0),
                (0,0, {
                    'factor_percent': 100,
                    'repartition_type': 'base',
                }),
                (0,0, {
                    'factor_percent': 100,
                    'repartition_type': 'tax',
                    'account_id': ref('account_private_4400102'),
                }),
            ]"/>
            <field name="tax_group_id" ref="cu_tax_group_sale"/>
        </record>
        <record id="private_cu_tax1_sale_reverse" model="account.tax.template">
            <field name="sequence">12</field>
            <field name="chart_template_id" ref="l10n_cu_chart_template_private"/>
            <field name="name">1% VENTAS PRIVADO-COOPERATIVO (INVERSA)</field>
            <field name="description">1% VENTAS SECTOR PRIVADO Y COOPERATIVO</field>
            <field name="type_tax_use">none</field>
            <field name="amount">-1.0</field>
            <field name="amount_type">percent</field>
            <field name="invoice_repartition_line_ids" eval="[(5, 0, 0),
                (0,0, {
                    'factor_percent': 100,
                    'repartition_type': 'base',
                }),
                (0,0, {
                    'factor_percent': 100,
                    'repartition_type': 'tax',
                    'account_id': ref('account_common_8050000'),
                }),
            ]"/>
            <field name="refund_repartition_line_ids" eval="[(5, 0, 0),
                (0,0, {
                    'factor_percent': 100,
                    'repartition_type': 'base',
                }),
                (0,0, {
                    'factor_percent': 100,
                    'repartition_type': 'tax',
                    'account_id': ref('account_common_8050000'),
                }),
            ]"/>
            <field name="tax_group_id" ref="cu_tax_group_sale"/>
        </record>
        <record id="private_cu_tax10_sale_reverse" model="account.tax.template">
            <field name="sequence">13</field>
            <field name="chart_template_id" ref="l10n_cu_chart_template_private"/>
            <field name="name">10% VENTAS PRIVADO-COOPERATIVO (INVERSA)</field>
            <field name="description">10% VENTAS SECTOR PRIVADO Y COOPERATIVO</field>
            <field name="type_tax_use">none</field>
            <field name="amount">-10.0</field>
            <field name="amount_type">percent</field>
            <field name="invoice_repartition_line_ids" eval="[(5, 0, 0),
                (0,0, {
                    'factor_percent': 100,
                    'repartition_type': 'base',
                }),
                (0,0, {
                    'factor_percent': 100,
                    'repartition_type': 'tax',
                    'account_id': ref('account_common_8050000'),
                }),
            ]"/>
            <field name="refund_repartition_line_ids" eval="[(5, 0, 0),
                (0,0, {
                    'factor_percent': 100,
                    'repartition_type': 'base',
                }),
                (0,0, {
                    'factor_percent': 100,
                    'repartition_type': 'tax',
                    'account_id': ref('account_common_8050000'),
                }),
            ]"/>
            <field name="tax_group_id" ref="cu_tax_group_sale"/>
        </record>
        <record id="private_cu_tax1_sale_all" model="account.tax.template">
            <field name="sequence">14</field>
            <field name="chart_template_id" ref="l10n_cu_chart_template_private"/>
            <field name="name">1% VENTAS PRIVADO-COOPERATIVO (IMPUESTO)</field>
            <field name="description">1% VENTAS SECTOR PRIVADO Y COOPERATIVO</field>
            <field name="type_tax_use">sale</field>
            <field name="amount">0.0</field>
            <field name="amount_type">group</field>
            <field name="children_tax_ids" eval="[(6, 0, [ref('private_cu_tax1_sale'), ref('private_cu_tax1_sale_reverse')])]"/>
            <field name="tax_group_id" ref="cu_tax_group_sale"/>
        </record>
        <record id="private_cu_tax10_sale_all" model="account.tax.template">
            <field name="sequence">15</field>
            <field name="chart_template_id" ref="l10n_cu_chart_template_private"/>
            <field name="name">10% VENTAS PRIVADO-COOPERATIVO (IMPUESTO)</field>
            <field name="description">10% VENTAS SECTOR PRIVADO Y COOPERATIVO</field>
            <field name="type_tax_use">sale</field>
            <field name="amount">0.0</field>
            <field name="amount_type">group</field>
            <field name="children_tax_ids" eval="[(6, 0, [ref('private_cu_tax10_sale'), ref('private_cu_tax10_sale_reverse')])]"/>
            <field name="tax_group_id" ref="cu_tax_group_sale"/>
        </record>
        <record id="private_cu_tax0_sale" model="account.tax.template">
            <field name="sequence">16</field>
            <field name="chart_template_id" ref="l10n_cu_chart_template_private"/>
            <field name="name">0% PRIVADO-COOPERATIVO (VENTAS)</field>
            <field name="description">0% VENTAS SECTOR PRIVADO Y COOPERATIVO</field>
            <field name="amount">0</field>
            <field name="amount_type">percent</field>
            <field name="type_tax_use">sale</field>
            <field name="invoice_repartition_line_ids" eval="[(5, 0, 0),
                (0,0, {
                    'factor_percent': 100,
                    'repartition_type': 'base',
                }),
                (0,0, {
                    'factor_percent': 100,
                    'repartition_type': 'tax',
                }),
            ]"/>
            <field name="refund_repartition_line_ids" eval="[(5, 0, 0),
                (0,0, {
                    'factor_percent': 100,
                    'repartition_type': 'base',
                }),
                (0,0, {
                    'factor_percent': 100,
                    'repartition_type': 'tax',
                }),
            ]"/>
            <field name="tax_group_id" ref="cu_tax_group_sale"/>
            <field name="active" eval="True"/>
        </record>
</odoo>