<?xml version="1.0" encoding="utf-8"?>
<odoo>
    <data noupdate="1">
	  <record id="employee_category_1" model="hr.employee.category">
          <field name="name">Administrador</field>
          <field name="color" eval="1"/>
      </record>
      <record id="employee_category_2" model="hr.employee.category">
          <field name="name">Trabajador</field>
          <field name="color" eval="2"/>
      </record>
	  <record id="employee_category_3" model="hr.employee.category">
          <field name="name">Socio</field>
          <field name="color" eval="3"/>
      </record>
    </data>
</odoo>
