<?xml version="1.0" encoding="utf-8"?>
<odoo>
    <data noupdate="0">
        <record id="holiday_status_smn" model="hr.leave.type">
            <field name="name">Lic.Maternidad Prenatal</field>
            <field name="color_name">blue</field>
            <field name="responsible_id" ref="base.user_admin"/>
        </record>
        <record id="holiday_status_smp" model="hr.leave.type">
            <field name="name">Lic.Maternidad Posnatal 1</field>
            <field name="color_name">blue</field>
            <field name="responsible_id" ref="base.user_admin"/>
        </record>
        <record id="holiday_status_smpp" model="hr.leave.type">
            <field name="name">Lic.Maternidad Posnatal 2</field>
            <field name="color_name">blue</field>
            <field name="responsible_id" ref="base.user_admin"/>
        </record>
        <record id="holiday_status_smdc" model="hr.leave.type">
            <field name="name">Decreto Ley 234</field>
            <field name="color_name">blue</field>
            <field name="responsible_id" ref="base.user_admin"/>
        </record>
        <record id="holiday_status_cmh" model="hr.leave.type">
            <field name="name">CM:Enfermedad o Accidente Común(H)</field>
            <field name="color_name">blue</field>
            <field name="responsible_id" ref="base.user_admin"/>
        </record>
        <record id="holiday_status_cmnh" model="hr.leave.type">
            <field name="name">CM:Enfermedad o Accidente Común(NH)</field>
            <field name="color_name">blue</field>
            <field name="responsible_id" ref="base.user_admin"/>
        </record>
        <record id="holiday_status_cml" model="hr.leave.type">
            <field name="name">CM:Enfermedad_Profesional o Accidente Laboral(H)</field>
            <field name="color_name">blue</field>
            <field name="responsible_id" ref="base.user_admin"/>
        </record>
        <record id="holiday_status_cmln" model="hr.leave.type">
            <field name="name">CM:Enfermedad Profesional o Accidente Laboral(NH)</field>
            <field name="color_name">blue</field>
            <field name="responsible_id" ref="base.user_admin"/>
        </record>

        <!--Unpaid Leave -->
        <record id="holiday_status_k" model="hr.leave.type">
            <field name="name">Causas Legales o Autorizadas</field>
            <field name="color_name">brown</field>
            <field name="responsible_id" ref="base.user_admin"/>
        </record>
        <record id="holiday_status_mov_mov" model="hr.leave.type">
            <field name="name">Movilizaciones</field>
            <field name="color_name">brown</field>
            <field name="responsible_id" ref="base.user_admin"/>
        </record>
        <record id="holiday_status_cursos" model="hr.leave.type">
            <field name="name">Cursos</field>
            <field name="color_name">brown</field>
            <field name="responsible_id" ref="base.user_admin"/>
        </record>
        <record id="holiday_status_fer" model="hr.leave.type">
            <field name="name">Feriados</field>
            <field name="color_name">brown</field>
            <field name="responsible_id" ref="base.user_admin"/>
        </record>
    </data>
</odoo>
