<?xml version="1.0" encoding="utf-8"?>
<odoo>
    <data noupdate="1">
        <!-- Estado de Situacion (EFE 5920 – 04) -->
        <record id="ncc_financial_report_es" model="account.financial.report">
            <field name="name">ESTADO DE SITUACIÓN</field>
            <field name="sign">1</field>
            <field name="type">sum</field>
            <field name="sequence">0</field>
            <field name="visible">False</field>
        </record>
        <record id="ncc_financial_report_es_activo" model="account.financial.report">
            <field name="name">ACTIVO</field>
            <field name="sign">1</field>
            <field name="type">sum</field>
            <field name="sequence">0</field>
            <field name="parent_id" ref="ncc_financial_report_es"/>
        </record>
        <record id="ncc_financial_report_es_01" model="account.financial.report">
            <field name="name">Activos Circulantes</field>
            <field name="sign">1</field>
            <field name="type">sum</field>
            <field name="sequence">1</field>
            <field name="parent_id" ref="ncc_financial_report_es_activo"/>
            <field name="style_overwrite">1</field>
        </record>
        <record id="ncc_financial_report_es_02" model="account.financial.report">
            <field name="name">Efectivo en Caja (101-108)</field>
            <field name="sign">1</field>
            <field name="type">accounts</field>
            <field name="sequence">2</field>
            <field name="display_detail">detail_with_hierarchy</field>
            <field name="parent_id" ref="ncc_financial_report_es_01"/>
            <field name="style_overwrite">2</field>
            <field name="account_ids" search="[
            '|', '|', '|', '|','|', '|', '|',
            ('code', '=like', '101%'),
            ('code', '=like', '102%'),
            ('code', '=like', '103%'),
            ('code', '=like', '104%'),
            ('code', '=like', '105%'),
            ('code', '=like', '106%'),
            ('code', '=like', '107%'),
            ('code', '=like', '108%')
            ]"/>
        </record>
        <record id="ncc_financial_report_es_03" model="account.financial.report">
            <field name="name">Efectivo en Banco y en Otras Instituciones (109-119)</field>
            <field name="sign">1</field>
            <field name="type">accounts</field>
            <field name="sequence">3</field>
            <field name="display_detail">detail_with_hierarchy</field>
            <field name="parent_id" ref="ncc_financial_report_es_01"/>
            <field name="style_overwrite">2</field>
            <field name="account_ids" search="[
            '|', '|', '|', '|','|', '|', '|',  '|', '|', '|',
            ('code', '=like', '109%'),
            ('code', '=like', '110%'),
            ('code', '=like', '111%'),
            ('code', '=like', '112%'),
            ('code', '=like', '113%'),
            ('code', '=like', '114%'),
            ('code', '=like', '115%'),
            ('code', '=like', '116%'),
            ('code', '=like', '117%'),
            ('code', '=like', '118%'),
            ('code', '=like', '119%')
            ]"/>
        </record>
        <record id="ncc_financial_report_es_04" model="account.financial.report">
            <field name="name">Inversiones a Corto Plazo O Temporales (120-129)</field>
            <field name="sign">1</field>
            <field name="type">accounts</field>
            <field name="sequence">4</field>
            <field name="display_detail">detail_with_hierarchy</field>
            <field name="parent_id" ref="ncc_financial_report_es_01"/>
            <field name="account_ids" search="[('code', '=like', '12%')]"/>
            <field name="style_overwrite">2</field>
        </record>
        <record id="ncc_financial_report_es_05" model="account.financial.report">
            <field name="name">Efectos por Cobrar a Corto Plazo (130-133)</field>
            <field name="sign">1</field>
            <field name="type">accounts</field>
            <field name="sequence">5</field>
            <field name="display_detail">detail_with_hierarchy</field>
            <field name="parent_id" ref="ncc_financial_report_es_01"/>
            <field name="style_overwrite">2</field>
            <field name="account_ids" search="[
            '|', '|', '|',
            ('code', '=like', '130%'),
            ('code', '=like', '131%'),
            ('code', '=like', '132%'),
            ('code', '=like', '133%')
            ]"/>
        </record>
        <record id="ncc_financial_report_es_06" model="account.financial.report">
            <field name="name">Efectos por Cobrar Descontados (365)</field>
            <field name="sign">-1</field>
            <field name="type">accounts</field>
            <field name="sequence">6</field>
            <field name="display_detail">detail_with_hierarchy</field>
            <field name="parent_id" ref="ncc_financial_report_es_01"/>
            <field name="account_ids" search="[('code', '=like', '365%')]"/>
            <field name="style_overwrite">2</field>
        </record>
        <record id="ncc_financial_report_es_07" model="account.financial.report">
            <field name="name">Cuenta en Participación (134)</field>
            <field name="sign">1</field>
            <field name="type">accounts</field>
            <field name="sequence">7</field>
            <field name="display_detail">detail_with_hierarchy</field>
            <field name="parent_id" ref="ncc_financial_report_es_01"/>
            <field name="account_ids" search="[('code', '=like', '134%')]"/>
            <field name="style_overwrite">2</field>
        </record>
        <record id="ncc_financial_report_es_08" model="account.financial.report">
            <field name="name">Cuentas por Cobrar a Corto Plazo (135-139 y 154)</field>
            <field name="sign">1</field>
            <field name="type">accounts</field>
            <field name="sequence">8</field>
            <field name="display_detail">detail_with_hierarchy</field>
            <field name="parent_id" ref="ncc_financial_report_es_01"/>
            <field name="style_overwrite">2</field>
            <field name="account_ids" search="[
            '|', '|', '|', '|','|',
            ('code', '=like', '135%'),
            ('code', '=like', '136%'),
            ('code', '=like', '137%'),
            ('code', '=like', '138%'),
            ('code', '=like', '139%'),
            ('code', '=like', '154%')
            ]"/>
        </record>
        <record id="ncc_financial_report_es_09" model="account.financial.report">
            <field name="name">Provisión para Cuentas Incobrables (369)</field>
            <field name="sign">-1</field>
            <field name="type">accounts</field>
            <field name="sequence">9</field>
            <field name="display_detail">detail_with_hierarchy</field>
            <field name="parent_id" ref="ncc_financial_report_es_01"/>
            <field name="account_ids" search="[('code', '=like', '369%')]"/>
            <field name="style_overwrite">2</field>
        </record>
        <record id="ncc_financial_report_es_10" model="account.financial.report">
            <field name="name">Pagos por Cuenta de Terceros (140)</field>
            <field name="sign">1</field>
            <field name="type">accounts</field>
            <field name="sequence">10</field>
            <field name="display_detail">detail_with_hierarchy</field>
            <field name="parent_id" ref="ncc_financial_report_es_01"/>
            <field name="account_ids" search="[('code', '=like', '140%')]"/>
            <field name="style_overwrite">2</field>
        </record>
        <record id="ncc_financial_report_es_11" model="account.financial.report">
            <field name="name">Participación de Reaseguradores Siniestros Pendientes (141)</field>
            <field name="sign">1</field>
            <field name="type">accounts</field>
            <field name="sequence">11</field>
            <field name="display_detail">detail_with_hierarchy</field>
            <field name="parent_id" ref="ncc_financial_report_es_01"/>
            <field name="account_ids" search="[('code', '=like', '141%')]"/>
            <field name="style_overwrite">2</field>
        </record>
        <record id="ncc_financial_report_es_12" model="account.financial.report">
            <field name="name">Préstamos y Otras Operaciones Crediticias a Cobrar a Corto Plazo (142)</field>
            <field name="sign">1</field>
            <field name="type">accounts</field>
            <field name="sequence">12</field>
            <field name="display_detail">detail_with_hierarchy</field>
            <field name="parent_id" ref="ncc_financial_report_es_01"/>
            <field name="account_ids" search="[('code', '=like', '142%')]"/>
            <field name="style_overwrite">2</field>
        </record>
        <record id="ncc_financial_report_es_13" model="account.financial.report">
            <field name="name">Suscriptores de Bonos (143)</field>
            <field name="sign">1</field>
            <field name="type">accounts</field>
            <field name="sequence">13</field>
            <field name="display_detail">detail_with_hierarchy</field>
            <field name="parent_id" ref="ncc_financial_report_es_01"/>
            <field name="account_ids" search="[('code', '=like', '143%')]"/>
            <field name="style_overwrite">2</field>
        </record>
        <record id="ncc_financial_report_es_14" model="account.financial.report">
            <field name="name">Pagos Anticipados a Suministradores (146-149)</field>
            <field name="sign">1</field>
            <field name="type">accounts</field>
            <field name="sequence">14</field>
            <field name="display_detail">detail_with_hierarchy</field>
            <field name="parent_id" ref="ncc_financial_report_es_01"/>
            <field name="style_overwrite">2</field>
            <field name="account_ids" search="[
            '|', '|', '|',
            ('code', '=like', '146%'),
            ('code', '=like', '147%'),
            ('code', '=like', '148%'),
            ('code', '=like', '149%')
            ]"/>
        </record>
        <record id="ncc_financial_report_es_15" model="account.financial.report">
            <field name="name">Pagos Anticipados del Proceso Inversionista (150-152)</field>
            <field name="sign">1</field>
            <field name="type">accounts</field>
            <field name="sequence">15</field>
            <field name="display_detail">detail_with_hierarchy</field>
            <field name="parent_id" ref="ncc_financial_report_es_01"/>
            <field name="account_ids" search="[
            '|', '|',
            ('code', '=like', '150%'),
            ('code', '=like', '151%'),
            ('code', '=like', '152%')
            ]"/>
            <field name="style_overwrite">2</field>
        </record>
        <record id="ncc_financial_report_es_16" model="account.financial.report">
            <field name="name">Materiales Anticipados Inversionista (153)</field>
            <field name="sign">1</field>
            <field name="type">accounts</field>
            <field name="sequence">16</field>
            <field name="display_detail">detail_with_hierarchy</field>
            <field name="parent_id" ref="ncc_financial_report_es_01"/>
            <field name="account_ids" search="[('code', '=like', '153%')]"/>
            <field name="style_overwrite">2</field>
        </record>
        <record id="ncc_financial_report_es_17" model="account.financial.report">
            <field name="name">Anticipos a Justificar (161-163)</field>
            <field name="sign">1</field>
            <field name="type">accounts</field>
            <field name="sequence">17</field>
            <field name="display_detail">detail_with_hierarchy</field>
            <field name="parent_id" ref="ncc_financial_report_es_01"/>
            <field name="style_overwrite">2</field>
            <field name="account_ids" search="[
            '|', '|',
            ('code', '=like', '161%'),
            ('code', '=like', '162%'),
            ('code', '=like', '163%')
            ]"/>
        </record>
        <record id="ncc_financial_report_es_18" model="account.financial.report">
            <field name="name">Adeudos del Presupuesto del Estado (164-166)</field>
            <field name="sign">1</field>
            <field name="type">accounts</field>
            <field name="sequence">18</field>
            <field name="display_detail">detail_with_hierarchy</field>
            <field name="parent_id" ref="ncc_financial_report_es_01"/>
            <field name="style_overwrite">2</field>
            <field name="account_ids" search="[
            '|', '|',
            ('code', '=like', '164%'),
            ('code', '=like', '165%'),
            ('code', '=like', '166%')
             ]"/>
        </record>
        <record id="ncc_financial_report_es_19" model="account.financial.report">
            <field name="name">Adeudos del Órgano u Organismo (167-170)</field>
            <field name="sign">1</field>
            <field name="type">accounts</field>
            <field name="sequence">19</field>
            <field name="display_detail">detail_with_hierarchy</field>
            <field name="parent_id" ref="ncc_financial_report_es_01"/>
            <field name="style_overwrite">2</field>
            <field name="account_ids" search="[
            '|', '|', '|',
            ('code', '=like', '167%'),
            ('code', '=like', '168%'),
            ('code', '=like', '169%'),
            ('code', '=like', '170%')
             ]"/>
        </record>
        <record id="ncc_financial_report_es_20" model="account.financial.report">
            <field name="name">Ingresos Acumulados por Cobrar (173-180)</field>
            <field name="sign">1</field>
            <field name="type">accounts</field>
            <field name="sequence">20</field>
            <field name="display_detail">detail_with_hierarchy</field>
            <field name="parent_id" ref="ncc_financial_report_es_01"/>
            <field name="style_overwrite">2</field>
            <field name="account_ids" search="[
            '|', '|', '|', '|','|', '|','|',
            ('code', '=like', '173%'),
            ('code', '=like', '174%'),
            ('code', '=like', '175%'),
            ('code', '=like', '176%'),
            ('code', '=like', '177%'),
            ('code', '=like', '178%'),
            ('code', '=like', '179%'),
            ('code', '=like', '180%')
            ]"/>
        </record>
        <record id="ncc_financial_report_es_21" model="account.financial.report">
            <field name="name">Dividendos y Participaciones por Cobrar (181)</field>
            <field name="sign">1</field>
            <field name="type">accounts</field>
            <field name="sequence">21</field>
            <field name="display_detail">detail_with_hierarchy</field>
            <field name="parent_id" ref="ncc_financial_report_es_01"/>
            <field name="account_ids" search="[('code', '=like', '181%')]"/>
            <field name="style_overwrite">2</field>
        </record>
        <record id="ncc_financial_report_es_22" model="account.financial.report">
            <field name="name">Ingresos Acumulados por Cobrar-Reaseguros Aceptados (182)</field>
            <field name="sign">1</field>
            <field name="type">accounts</field>
            <field name="sequence">22</field>
            <field name="display_detail">detail_with_hierarchy</field>
            <field name="parent_id" ref="ncc_financial_report_es_01"/>
            <field name="account_ids" search="[('code', '=like', '182%')]"/>
            <field name="style_overwrite">2</field>
        </record>
        <record id="ncc_financial_report_es_23" model="account.financial.report">
            <field name="name">Total de Inventarios</field>
            <field name="sign">1</field>
            <field name="type">sum</field>
            <field name="sequence">23</field>
            <field name="parent_id" ref="ncc_financial_report_es_activo"/>
            <field name="style_overwrite">1</field>
        </record>
        <record id="ncc_financial_report_es_24" model="account.financial.report">
            <field name="name">Materias Primas y Materiales (183)</field>
            <field name="sign">1</field>
            <field name="type">accounts</field>
            <field name="sequence">24</field>
            <field name="display_detail">detail_with_hierarchy</field>
            <field name="parent_id" ref="ncc_financial_report_es_23"/>
            <field name="account_ids" search="[('code', '=like', '183%')]"/>
            <field name="style_overwrite">2</field>
        </record>
        <record id="ncc_financial_report_es_25" model="account.financial.report">
            <field name="name">Combustibles y Lubricantes (184)</field>
            <field name="sign">1</field>
            <field name="type">accounts</field>
            <field name="sequence">25</field>
            <field name="display_detail">detail_with_hierarchy</field>
            <field name="parent_id" ref="ncc_financial_report_es_23"/>
            <field name="account_ids" search="[('code', '=like', '184%')]"/>
            <field name="style_overwrite">2</field>
        </record>
        <record id="ncc_financial_report_es_26" model="account.financial.report">
            <field name="name">Partes y Piezas de Repuesto (185)</field>
            <field name="sign">1</field>
            <field name="type">accounts</field>
            <field name="sequence">26</field>
            <field name="display_detail">detail_with_hierarchy</field>
            <field name="parent_id" ref="ncc_financial_report_es_23"/>
            <field name="account_ids" search="[('code', '=like', '185%')]"/>
            <field name="style_overwrite">2</field>
        </record>
        <record id="ncc_financial_report_es_27" model="account.financial.report">
            <field name="name">Envases y Embalajes (186)</field>
            <field name="sign">1</field>
            <field name="type">accounts</field>
            <field name="sequence">27</field>
            <field name="display_detail">detail_with_hierarchy</field>
            <field name="parent_id" ref="ncc_financial_report_es_23"/>
            <field name="account_ids" search="[('code', '=like', '186%')]"/>
            <field name="style_overwrite">2</field>
        </record>
        <record id="ncc_financial_report_es_28" model="account.financial.report">
            <field name="name">Útiles, Herramientas y Otros (187)</field>
            <field name="sign">1</field>
            <field name="type">accounts</field>
            <field name="sequence">28</field>
            <field name="display_detail">detail_with_hierarchy</field>
            <field name="parent_id" ref="ncc_financial_report_es_23"/>
            <field name="account_ids" search="[('code', '=like', '187%')]"/>
            <field name="style_overwrite">2</field>
        </record>
        <record id="ncc_financial_report_es_29" model="account.financial.report">
            <field name="name">Desgaste de Útiles y Herramientas (373)</field>
            <field name="sign">1</field>
            <field name="type">accounts</field>
            <field name="sequence">29</field>
            <field name="display_detail">detail_with_hierarchy</field>
            <field name="parent_id" ref="ncc_financial_report_es_23"/>
            <field name="account_ids" search="[('code', '=like', '373%')]"/>
            <field name="style_overwrite">2</field>
        </record>
        <record id="ncc_financial_report_es_30" model="account.financial.report">
            <field name="name">Producción Terminada (188)</field>
            <field name="sign">1</field>
            <field name="type">accounts</field>
            <field name="sequence">30</field>
            <field name="display_detail">detail_with_hierarchy</field>
            <field name="parent_id" ref="ncc_financial_report_es_23"/>
            <field name="account_ids" search="[('code', '=like', '188%')]"/>
            <field name="style_overwrite">2</field>
        </record>
        <record id="ncc_financial_report_es_31" model="account.financial.report">
            <field name="name">Mercancías para la Venta (189)</field>
            <field name="sign">1</field>
            <field name="type">accounts</field>
            <field name="sequence">31</field>
            <field name="display_detail">detail_with_hierarchy</field>
            <field name="parent_id" ref="ncc_financial_report_es_23"/>
            <field name="account_ids" search="[('code', '=like', '189%')]"/>
            <field name="style_overwrite">2</field>
        </record>
        <record id="ncc_financial_report_es_32" model="account.financial.report">
            <field name="name">Descuento Comercial e Impuesto (370-372)</field>
            <field name="sign">1</field>
            <field name="type">accounts</field>
            <field name="sequence">32</field>
            <field name="display_detail">detail_with_hierarchy</field>
            <field name="parent_id" ref="ncc_financial_report_es_23"/>
            <field name="style_overwrite">2</field>
            <field name="account_ids" search="[
            '|', '|',
            ('code', '=like', '370%'),
            ('code', '=like', '371%'),
            ('code', '=like', '372%')
            ]"/>
        </record>
        <record id="ncc_financial_report_es_33" model="account.financial.report">
            <field name="name">Medicamentos (190)</field>
            <field name="sign">1</field>
            <field name="type">accounts</field>
            <field name="sequence">33</field>
            <field name="display_detail">detail_with_hierarchy</field>
            <field name="parent_id" ref="ncc_financial_report_es_23"/>
            <field name="account_ids" search="[('code', '=like', '190%')]"/>
            <field name="style_overwrite">2</field>
        </record>
        <record id="ncc_financial_report_es_34" model="account.financial.report">
            <field name="name">Base Material de Estudio (191)</field>
            <field name="sign">1</field>
            <field name="type">accounts</field>
            <field name="sequence">34</field>
            <field name="display_detail">detail_with_hierarchy</field>
            <field name="parent_id" ref="ncc_financial_report_es_23"/>
            <field name="account_ids" search="[('code', '=like', '191%')]"/>
            <field name="style_overwrite">2</field>
        </record>
        <record id="ncc_financial_report_es_35" model="account.financial.report">
            <field name="name">Desgaste de Base Material de Estudio (366)</field>
            <field name="sign">1</field>
            <field name="type">accounts</field>
            <field name="sequence">35</field>
            <field name="display_detail">detail_with_hierarchy</field>
            <field name="parent_id" ref="ncc_financial_report_es_23"/>
            <field name="account_ids" search="[('code', '=like', '366%')]"/>
            <field name="style_overwrite">2</field>
        </record>
        <record id="ncc_financial_report_es_36" model="account.financial.report">
            <field name="name">Vestuario y Lencería (192)</field>
            <field name="sign">1</field>
            <field name="type">accounts</field>
            <field name="sequence">36</field>
            <field name="display_detail">detail_with_hierarchy</field>
            <field name="parent_id" ref="ncc_financial_report_es_23"/>
            <field name="account_ids" search="[('code', '=like', '192%')]"/>
            <field name="style_overwrite">2</field>
        </record>
        <record id="ncc_financial_report_es_37" model="account.financial.report">
            <field name="name">Desgaste de Vestuario y Lencería (367)</field>
            <field name="sign">1</field>
            <field name="type">accounts</field>
            <field name="sequence">37</field>
            <field name="display_detail">detail_with_hierarchy</field>
            <field name="parent_id" ref="ncc_financial_report_es_23"/>
            <field name="account_ids" search="[('code', '=like', '367%')]"/>
            <field name="style_overwrite">2</field>
        </record>
        <record id="ncc_financial_report_es_38" model="account.financial.report">
            <field name="name">Alimentos (193)</field>
            <field name="sign">1</field>
            <field name="type">accounts</field>
            <field name="sequence">37</field>
            <field name="display_detail">detail_with_hierarchy</field>
            <field name="parent_id" ref="ncc_financial_report_es_23"/>
            <field name="account_ids" search="[('code', '=like', '193%')]"/>
            <field name="style_overwrite">2</field>
        </record>
        <record id="ncc_financial_report_es_39" model="account.financial.report">
            <field name="name">Inventarios de Mercancías de Importación (194)</field>
            <field name="sign">1</field>
            <field name="type">accounts</field>
            <field name="sequence">39</field>
            <field name="display_detail">detail_with_hierarchy</field>
            <field name="parent_id" ref="ncc_financial_report_es_23"/>
            <field name="account_ids" search="[('code', '=like', '194%')]"/>
            <field name="style_overwrite">2</field>
        </record>
        <record id="ncc_financial_report_es_40" model="account.financial.report">
            <field name="name">Inventarios de Mercancías de Exportación (195)</field>
            <field name="sign">1</field>
            <field name="type">accounts</field>
            <field name="sequence">40</field>
            <field name="display_detail">detail_with_hierarchy</field>
            <field name="parent_id" ref="ncc_financial_report_es_23"/>
            <field name="account_ids" search="[('code', '=like', '195%')]"/>
            <field name="style_overwrite">2</field>
        </record>
        <record id="ncc_financial_report_es_41" model="account.financial.report">
            <field name="name">Producciones para Insumo o Autoconsumo (196)</field>
            <field name="sign">1</field>
            <field name="type">accounts</field>
            <field name="sequence">41</field>
            <field name="display_detail">detail_with_hierarchy</field>
            <field name="parent_id" ref="ncc_financial_report_es_23"/>
            <field name="account_ids" search="[('code', '=like', '196%')]"/>
            <field name="style_overwrite">2</field>
        </record>
        <record id="ncc_financial_report_es_42" model="account.financial.report">
            <field name="name">Otros Inventarios (205-207)</field>
            <field name="sign">1</field>
            <field name="type">accounts</field>
            <field name="sequence">42</field>
            <field name="display_detail">detail_with_hierarchy</field>
            <field name="parent_id" ref="ncc_financial_report_es_23"/>
            <field name="style_overwrite">2</field>
            <field name="account_ids" search="[
            '|', '|',
            ('code', '=like', '205%'),
            ('code', '=like', '206%'),
            ('code', '=like', '207%')
            ]"/>
        </record>
        <record id="ncc_financial_report_es_43" model="account.financial.report">
            <field name="name">Inventarios Ociosos (208)</field>
            <field name="sign">1</field>
            <field name="type">accounts</field>
            <field name="sequence">43</field>
            <field name="display_detail">detail_with_hierarchy</field>
            <field name="parent_id" ref="ncc_financial_report_es_23"/>
            <field name="account_ids" search="[('code', '=like', '208%')]"/>
            <field name="style_overwrite">2</field>
        </record>
        <record id="ncc_financial_report_es_44" model="account.financial.report">
            <field name="name">Inventarios de Lento Movimiento (209)</field>
            <field name="sign">1</field>
            <field name="type">accounts</field>
            <field name="sequence">44</field>
            <field name="display_detail">detail_with_hierarchy</field>
            <field name="parent_id" ref="ncc_financial_report_es_23"/>
            <field name="account_ids" search="[('code', '=like', '209%')]"/>
            <field name="style_overwrite">2</field>
        </record>
        <record id="ncc_financial_report_es_45" model="account.financial.report">
            <field name="name">Producción en Proceso (700-724)</field>
            <field name="sign">1</field>
            <field name="type">accounts</field>
            <field name="sequence">45</field>
            <field name="display_detail">detail_with_hierarchy</field>
            <field name="parent_id" ref="ncc_financial_report_es_23"/>
            <field name="style_overwrite">2</field>
            <field name="account_ids" search="[
            '|', '|', '|', '|','|', '|',
            ('code', '=like', '70%'),
            ('code', '=like', '71%'),
            ('code', '=like', '720%'),
            ('code', '=like', '721%'),
            ('code', '=like', '722%'),
            ('code', '=like', '723%'),
            ('code', '=like', '724%')
            ]"/>
        </record>
        <record id="ncc_financial_report_es_46" model="account.financial.report">
            <field name="name">Producción Propia para Insumos (725)</field>
            <field name="sign">1</field>
            <field name="type">accounts</field>
            <field name="sequence">46</field>
            <field name="display_detail">detail_with_hierarchy</field>
            <field name="parent_id" ref="ncc_financial_report_es_23"/>
            <field name="account_ids" search="[('code', '=like', '725%')]"/>
            <field name="style_overwrite">2</field>
        </record>
        <record id="ncc_financial_report_es_47" model="account.financial.report">
            <field name="name">Reparaciones Capitales con Medios Propios (726)</field>
            <field name="sign">1</field>
            <field name="type">accounts</field>
            <field name="sequence">47</field>
            <field name="display_detail">detail_with_hierarchy</field>
            <field name="parent_id" ref="ncc_financial_report_es_23"/>
            <field name="account_ids" search="[('code', '=like', '726%')]"/>
            <field name="style_overwrite">2</field>
        </record>
        <record id="ncc_financial_report_es_48" model="account.financial.report">
            <field name="name">Inversiones con Medios Propios Activos Fijos Intangibles (727)</field>
            <field name="sign">1</field>
            <field name="type">accounts</field>
            <field name="sequence">48</field>
            <field name="display_detail">detail_with_hierarchy</field>
            <field name="parent_id" ref="ncc_financial_report_es_23"/>
            <field name="account_ids" search="[('code', '=like', '727%')]"/>
            <field name="style_overwrite">2</field>
        </record>
        <record id="ncc_financial_report_es_49" model="account.financial.report">
            <field name="name">Inversiones con Medios Propios (728)</field>
            <field name="sign">1</field>
            <field name="type">accounts</field>
            <field name="sequence">49</field>
            <field name="display_detail">detail_with_hierarchy</field>
            <field name="parent_id" ref="ncc_financial_report_es_23"/>
            <field name="account_ids" search="[('code', '=like', '728%')]"/>
            <field name="style_overwrite">2</field>
        </record>
        <record id="ncc_financial_report_es_50" model="account.financial.report">
            <field name="name">Créditos Documentarios (211)</field>
            <field name="sign">1</field>
            <field name="type">accounts</field>
            <field name="sequence">50</field>
            <field name="display_detail">detail_with_hierarchy</field>
            <field name="parent_id" ref="ncc_financial_report_es_23"/>
            <field name="account_ids" search="[('code', '=like', '211%')]"/>
            <field name="style_overwrite">2</field>
        </record>
        <record id="ncc_financial_report_es_51" model="account.financial.report">
            <field name="name">Activos a Largo Plazo</field>
            <field name="sign">1</field>
            <field name="type">sum</field>
            <field name="sequence">51</field>
            <field name="parent_id" ref="ncc_financial_report_es_activo"/>
            <field name="style_overwrite">1</field>
        </record>
        <record id="ncc_financial_report_es_52" model="account.financial.report">
            <field name="name">Efectos por Cobrar a Largo Plazo (215-217)</field>
            <field name="sign">1</field>
            <field name="type">accounts</field>
            <field name="sequence">52</field>
            <field name="display_detail">detail_with_hierarchy</field>
            <field name="parent_id" ref="ncc_financial_report_es_51"/>
            <field name="style_overwrite">2</field>
            <field name="account_ids" search="[
            '|', '|',
            ('code', '=like', '215%'),
            ('code', '=like', '216%'),
            ('code', '=like', '217%')
            ]"/>
        </record>
        <record id="ncc_financial_report_es_53" model="account.financial.report">
            <field name="name">Cuentas por Cobrar a Largo Plazo (218-220)</field>
            <field name="sign">1</field>
            <field name="type">accounts</field>
            <field name="sequence">53</field>
            <field name="display_detail">detail_with_hierarchy</field>
            <field name="parent_id" ref="ncc_financial_report_es_51"/>
            <field name="style_overwrite">2</field>
            <field name="account_ids" search="[
            '|', '|',
            ('code', '=like', '218%'),
            ('code', '=like', '219%'),
            ('code', '=like', '220%')
            ]"/>
        </record>
        <record id="ncc_financial_report_es_54" model="account.financial.report">
            <field name="name">Préstamos Concedidos a Cobrar a Largo Plazo (221-224)</field>
            <field name="sign">1</field>
            <field name="type">accounts</field>
            <field name="sequence">54</field>
            <field name="display_detail">detail_with_hierarchy</field>
            <field name="parent_id" ref="ncc_financial_report_es_51"/>
            <field name="style_overwrite">2</field>
            <field name="account_ids" search="[
            '|', '|', '|',
            ('code', '=like', '221%'),
            ('code', '=like', '222%'),
            ('code', '=like', '223%'),
            ('code', '=like', '224%')
            ]"/>
        </record>
        <record id="ncc_financial_report_es_55" model="account.financial.report">
            <field name="name">Inversiones a Largo Plazo o Permanentes (225-234)</field>
            <field name="sign">1</field>
            <field name="type">accounts</field>
            <field name="sequence">55</field>
            <field name="display_detail">detail_with_hierarchy</field>
            <field name="parent_id" ref="ncc_financial_report_es_51"/>
            <field name="style_overwrite">2</field>
            <field name="account_ids" search="[
            '|', '|',  '|', '|', '|', '|', '|', '|', '|',
            ('code', '=like', '225%'),
            ('code', '=like', '226%'),
            ('code', '=like', '227%'),
            ('code', '=like', '228%'),
            ('code', '=like', '229%'),
            ('code', '=like', '230%'),
            ('code', '=like', '231%'),
            ('code', '=like', '232%'),
            ('code', '=like', '233%'),
            ('code', '=like', '234%')
            ]"/>
        </record>
        <record id="ncc_financial_report_es_56" model="account.financial.report">
            <field name="name">Activos Fijos</field>
            <field name="sign">1</field>
            <field name="type">sum</field>
            <field name="sequence">56</field>
            <field name="parent_id" ref="ncc_financial_report_es_activo"/>
            <field name="style_overwrite">1</field>
        </record>
        <record id="ncc_financial_report_es_57" model="account.financial.report">
            <field name="name">Activos Fijos Tangibles (240-251)</field>
            <field name="sign">1</field>
            <field name="type">accounts</field>
            <field name="sequence">57</field>
            <field name="display_detail">detail_with_hierarchy</field>
            <field name="parent_id" ref="ncc_financial_report_es_56"/>
            <field name="style_overwrite">2</field>
            <field name="account_ids" search="[
            '|', '|',
            ('code', '=like', '24%'),
            ('code', '=like', '250%'),
            ('code', '=like', '251%')
            ]"/>
        </record>
        <record id="ncc_financial_report_es_58" model="account.financial.report">
            <field name="name">Depreciación de Activos Fijos Tangibles (375-388)</field>
            <field name="sign">1</field>
            <field name="type">accounts</field>
            <field name="sequence">58</field>
            <field name="display_detail">detail_with_hierarchy</field>
            <field name="parent_id" ref="ncc_financial_report_es_56"/>
            <field name="style_overwrite">2</field>
            <field name="account_ids" search="[
            '|', '|', '|',
            ('code', '=like', '375%'),
            ('code', '=like', '376%'),
            ('code', '=like', '377%'),
            ('code', '=like', '378%')
            ]"/>
        </record>
        <record id="ncc_financial_report_es_59" model="account.financial.report">
            <field name="name">Fondos Bibliotecarios (252)</field>
            <field name="sign">1</field>
            <field name="type">accounts</field>
            <field name="sequence">59</field>
            <field name="display_detail">detail_with_hierarchy</field>
            <field name="parent_id" ref="ncc_financial_report_es_56"/>
            <field name="style_overwrite">2</field>
        </record>
        <record id="ncc_financial_report_es_60" model="account.financial.report">
            <field name="name">Medios y Equipos para Alquilar (253)</field>
            <field name="sign">1</field>
            <field name="type">accounts</field>
            <field name="sequence">60</field>
            <field name="display_detail">detail_with_hierarchy</field>
            <field name="parent_id" ref="ncc_financial_report_es_56"/>
            <field name="account_ids" search="[('code', '=like', '253%')]"/>
            <field name="style_overwrite">2</field>
        </record>
        <record id="ncc_financial_report_es_61" model="account.financial.report">
            <field name="name">Desgaste de Medios y Equipos para Alquilar (389)</field>
            <field name="sign">1</field>
            <field name="type">accounts</field>
            <field name="sequence">61</field>
            <field name="display_detail">detail_with_hierarchy</field>
            <field name="parent_id" ref="ncc_financial_report_es_56"/>
            <field name="account_ids" search="[('code', '=like', '389%')]"/>
            <field name="style_overwrite">2</field>
        </record>
        <record id="ncc_financial_report_es_62" model="account.financial.report">
            <field name="name">Monumentos y Obras de Arte (254)</field>
            <field name="sign">1</field>
            <field name="type">accounts</field>
            <field name="sequence">62</field>
            <field name="display_detail">detail_with_hierarchy</field>
            <field name="parent_id" ref="ncc_financial_report_es_56"/>
            <field name="style_overwrite">2</field>
        </record>
        <record id="ncc_financial_report_es_63" model="account.financial.report">
            <field name="name">Activos Fijos Intangibles (255-263)</field>
            <field name="sign">1</field>
            <field name="type">accounts</field>
            <field name="sequence">63</field>
            <field name="display_detail">detail_with_hierarchy</field>
            <field name="parent_id" ref="ncc_financial_report_es_56"/>
            <field name="style_overwrite">2</field>
            <field name="account_ids" search="[
            '|', '|','|', '|','|', '|', '|', '|',
            ('code', '=like', '255%'),
            ('code', '=like', '256%'),
            ('code', '=like', '257%'),
            ('code', '=like', '258%'),
            ('code', '=like', '259%'),
            ('code', '=like', '260%'),
            ('code', '=like', '261%'),
            ('code', '=like', '262%'),
            ('code', '=like', '263%')
            ]"/>
        </record>
        <record id="ncc_financial_report_es_64" model="account.financial.report">
            <field name="name">Activos Fijos Intangibles en Proceso (264)</field>
            <field name="sign">1</field>
            <field name="type">accounts</field>
            <field name="sequence">64</field>
            <field name="display_detail">detail_with_hierarchy</field>
            <field name="parent_id" ref="ncc_financial_report_es_56"/>
            <field name="account_ids" search="[('code', '=like', '264%')]"/>
            <field name="style_overwrite">2</field>
        </record>
        <record id="ncc_financial_report_es_65" model="account.financial.report">
            <field name="name">Amortización de Activos Fijos Intangibles (390-399)</field>
            <field name="sign">1</field>
            <field name="type">accounts</field>
            <field name="sequence">65</field>
            <field name="display_detail">detail_with_hierarchy</field>
            <field name="parent_id" ref="ncc_financial_report_es_56"/>
            <field name="account_ids" search="[('code', '=like', '39%')]"/>
            <field name="style_overwrite">2</field>
        </record>
        <record id="ncc_financial_report_es_66" model="account.financial.report">
            <field name="name">Inversiones en Proceso (265-278)</field>
            <field name="sign">1</field>
            <field name="type">accounts</field>
            <field name="sequence">66</field>
            <field name="display_detail">detail_with_hierarchy</field>
            <field name="parent_id" ref="ncc_financial_report_es_56"/>
            <field name="style_overwrite">2</field>
            <field name="account_ids" search="[
            '|', '|','|', '|','|', '|','|', '|','|', '|','|', '|', '|',
            ('code', '=like', '265%'),
            ('code', '=like', '266%'),
            ('code', '=like', '267%'),
            ('code', '=like', '268%'),
            ('code', '=like', '269%'),
            ('code', '=like', '270%'),
            ('code', '=like', '271%'),
            ('code', '=like', '272%'),
            ('code', '=like', '273%'),
            ('code', '=like', '274%'),
            ('code', '=like', '275%'),
            ('code', '=like', '276%'),
            ('code', '=like', '277%'),
            ('code', '=like', '278%')
            ]"/>
        </record>
        <record id="ncc_financial_report_es_67" model="account.financial.report">
            <field name="name">Plan de Preparación de Inversiones (279)</field>
            <field name="sign">1</field>
            <field name="type">accounts</field>
            <field name="sequence">67</field>
            <field name="display_detail">detail_with_hierarchy</field>
            <field name="parent_id" ref="ncc_financial_report_es_56"/>
            <field name="account_ids" search="[('code', '=like', '279%')]"/>
            <field name="style_overwrite">2</field>
        </record>
        <record id="ncc_financial_report_es_68" model="account.financial.report">
            <field name="name">Equipos por Instalar y Materiales para el Proceso Inversionista (280-289)</field>
            <field name="sign">1</field>
            <field name="type">accounts</field>
            <field name="sequence">68</field>
            <field name="display_detail">detail_with_hierarchy</field>
            <field name="parent_id" ref="ncc_financial_report_es_56"/>
            <field name="account_ids" search="[('code', '=like', '28%')]"/>
            <field name="style_overwrite">2</field>
        </record>
        <record id="ncc_financial_report_es_69" model="account.financial.report">
            <field name="name">Activos Diferidos</field>
            <field name="sign">1</field>
            <field name="type">sum</field>
            <field name="sequence">69</field>
            <field name="parent_id" ref="ncc_financial_report_es_activo"/>
            <field name="style_overwrite">1</field>
        </record>
        <record id="ncc_financial_report_es_70" model="account.financial.report">
            <field name="name">Gastos de Producción y Servicios Diferidos (300-305)</field>
            <field name="sign">1</field>
            <field name="type">accounts</field>
            <field name="sequence">70</field>
            <field name="display_detail">detail_with_hierarchy</field>
            <field name="parent_id" ref="ncc_financial_report_es_69"/>
            <field name="style_overwrite">2</field>
            <field name="account_ids" search="[
            '|', '|','|', '|','|',
            ('code', '=like', '300%'),
            ('code', '=like', '301%'),
            ('code', '=like', '302%'),
            ('code', '=like', '303%'),
            ('code', '=like', '304%'),
            ('code', '=like', '305%')
            ]"/>
        </record>
        <record id="ncc_financial_report_es_71" model="account.financial.report">
            <field name="name">Gastos Financieros Diferidos (306-307)</field>
            <field name="sign">1</field>
            <field name="type">accounts</field>
            <field name="sequence">71</field>
            <field name="display_detail">detail_with_hierarchy</field>
            <field name="parent_id" ref="ncc_financial_report_es_69"/>
            <field name="style_overwrite">2</field>
            <field name="account_ids" search="[
            '|',
            ('code', '=like', '306%'),
            ('code', '=like', '307%')
            ]"/>
        </record>
        <record id="ncc_financial_report_es_72" model="account.financial.report">
            <field name="name">Gastos del Proceso Inversionista Diferidos (310-311)</field>
            <field name="sign">1</field>
            <field name="type">accounts</field>
            <field name="sequence">72</field>
            <field name="display_detail">detail_with_hierarchy</field>
            <field name="parent_id" ref="ncc_financial_report_es_69"/>
            <field name="account_ids" search="[('code', '=like', '310%')]"/>
            <field name="style_overwrite">2</field>
        </record>
        <record id="ncc_financial_report_es_73" model="account.financial.report">
            <field name="name">Gastos por Faltantes y Pérdidas Diferidos (312)</field>
            <field name="sign">1</field>
            <field name="type">accounts</field>
            <field name="sequence">73</field>
            <field name="display_detail">detail_with_hierarchy</field>
            <field name="parent_id" ref="ncc_financial_report_es_69"/>
            <field name="account_ids" search="[('code', '=like', '312%')]"/>
            <field name="style_overwrite">2</field>
        </record>
        <record id="ncc_financial_report_es_74" model="account.financial.report">
            <field name="name">Otros Activos</field>
            <field name="sign">1</field>
            <field name="type">sum</field>
            <field name="sequence">74</field>
            <field name="parent_id" ref="ncc_financial_report_es_activo"/>
            <field name="style_overwrite">1</field>
        </record>
        <record id="ncc_financial_report_es_75" model="account.financial.report">
            <field name="name">Pérdidas en Investigación (330-331)</field>
            <field name="sign">1</field>
            <field name="type">accounts</field>
            <field name="sequence">75</field>
            <field name="display_detail">detail_with_hierarchy</field>
            <field name="parent_id" ref="ncc_financial_report_es_74"/>
            <field name="style_overwrite">2</field>
            <field name="account_ids" search="[
            '|',
            ('code', '=like', '330%'),
            ('code', '=like', '331%')
            ]"/>
        </record>
        <record id="ncc_financial_report_es_76" model="account.financial.report">
            <field name="name">Faltantes de Bienes en Investigación (332-333)</field>
            <field name="sign">1</field>
            <field name="type">accounts</field>
            <field name="sequence">76</field>
            <field name="display_detail">detail_with_hierarchy</field>
            <field name="parent_id" ref="ncc_financial_report_es_74"/>
            <field name="style_overwrite">2</field>
            <field name="account_ids" search="[
            '|',
            ('code', '=like', '332%'),
            ('code', '=like', '333%')
            ]"/>
        </record>
        <record id="ncc_financial_report_es_77" model="account.financial.report">
            <field name="name">Cuentas por Cobrar Diversas-Operaciones Corrientes (334-341)</field>
            <field name="sign">1</field>
            <field name="type">accounts</field>
            <field name="sequence">77</field>
            <field name="display_detail">detail_with_hierarchy</field>
            <field name="parent_id" ref="ncc_financial_report_es_74"/>
            <field name="style_overwrite">2</field>
            <field name="account_ids" search="[
            '|', '|', '|', '|', '|', '|', '|',
            ('code', '=like', '334%'),
            ('code', '=like', '335%'),
            ('code', '=like', '336%'),
            ('code', '=like', '337%'),
            ('code', '=like', '338%'),
            ('code', '=like', '339%'),
            ('code', '=like', '340%'),
            ('code', '=like', '341%')
            ]"/>
        </record>
        <record id="ncc_financial_report_es_78" model="account.financial.report">
            <field name="name">Cuentas por Cobrar - Compra de Monedas (342)</field>
            <field name="sign">1</field>
            <field name="type">accounts</field>
            <field name="sequence">78</field>
            <field name="display_detail">detail_with_hierarchy</field>
            <field name="parent_id" ref="ncc_financial_report_es_74"/>
            <field name="account_ids" search="[('code', '=like', '342%')]"/>
            <field name="style_overwrite">2</field>
        </record>
        <record id="ncc_financial_report_es_79" model="account.financial.report">
            <field name="name">Cuentas por Cobrar del Proceso Inversionista (343-345)</field>
            <field name="sign">1</field>
            <field name="type">accounts</field>
            <field name="sequence">79</field>
            <field name="display_detail">detail_with_hierarchy</field>
            <field name="parent_id" ref="ncc_financial_report_es_74"/>
            <field name="style_overwrite">2</field>
            <field name="account_ids" search="[
            '|', '|',
            ('code', '=like', '343%'),
            ('code', '=like', '344%'),
            ('code', '=like', '345%')
            ]"/>
        </record>
        <record id="ncc_financial_report_es_80" model="account.financial.report">
            <field name="name">Efectos por Cobrar en Litigio (346)</field>
            <field name="sign">1</field>
            <field name="type">accounts</field>
            <field name="sequence">80</field>
            <field name="display_detail">detail_with_hierarchy</field>
            <field name="parent_id" ref="ncc_financial_report_es_74"/>
            <field name="account_ids" search="[('code', '=like', '346%')]"/>
            <field name="style_overwrite">2</field>
        </record>
        <record id="ncc_financial_report_es_81" model="account.financial.report">
            <field name="name">Cuentas por Cobrar en Litigio (347)</field>
            <field name="sign">1</field>
            <field name="type">accounts</field>
            <field name="sequence">81</field>
            <field name="display_detail">detail_with_hierarchy</field>
            <field name="parent_id" ref="ncc_financial_report_es_74"/>
            <field name="account_ids" search="[('code', '=like', '347%')]"/>
            <field name="style_overwrite">2</field>
        </record>
        <record id="ncc_financial_report_es_82" model="account.financial.report">
            <field name="name">Efectos por Cobrar Protestados (348)</field>
            <field name="sign">1</field>
            <field name="type">accounts</field>
            <field name="sequence">82</field>
            <field name="display_detail">detail_with_hierarchy</field>
            <field name="parent_id" ref="ncc_financial_report_es_74"/>
            <field name="account_ids" search="[('code', '=like', '348%')]"/>
            <field name="style_overwrite">2</field>
        </record>
        <record id="ncc_financial_report_es_83" model="account.financial.report">
            <field name="name">Cuentas por Cobrar en Proceso Judicial (349)</field>
            <field name="sign">1</field>
            <field name="type">accounts</field>
            <field name="sequence">83</field>
            <field name="display_detail">detail_with_hierarchy</field>
            <field name="parent_id" ref="ncc_financial_report_es_74"/>
            <field name="account_ids" search="[('code', '=like', '349%')]"/>
            <field name="style_overwrite">2</field>
        </record>
        <record id="ncc_financial_report_es_84" model="account.financial.report">
            <field name="name">Depósitos y Fianzas (354-355)</field>
            <field name="sign">1</field>
            <field name="type">accounts</field>
            <field name="sequence">84</field>
            <field name="display_detail">detail_with_hierarchy</field>
            <field name="parent_id" ref="ncc_financial_report_es_74"/>
            <field name="style_overwrite">2</field>
            <field name="account_ids" search="[
            '|',
            ('code', '=like', '354%'),
            ('code', '=like', '355%'),
            ]"/>
        </record>
        <record id="ncc_financial_report_es_85" model="account.financial.report">
            <field name="name">Fondo de Amortización de Bonos-Efectivo y Valores (364)</field>
            <field name="sign">1</field>
            <field name="type">accounts</field>
            <field name="sequence">85</field>
            <field name="display_detail">detail_with_hierarchy</field>
            <field name="parent_id" ref="ncc_financial_report_es_74"/>
            <field name="account_ids" search="[('code', '=like', '364%')]"/>
            <field name="style_overwrite">2</field>
        </record>
        <record id="ncc_financial_report_es_86" model="account.financial.report">
            <field name="name">Otras Provisiones Reguladoras de Activos (374)</field>
            <field name="sign">1</field>
            <field name="type">accounts</field>
            <field name="sequence">86</field>
            <field name="display_detail">detail_with_hierarchy</field>
            <field name="parent_id" ref="ncc_financial_report_es_74"/>
            <field name="account_ids" search="[('code', '=like', '374%')]"/>
            <field name="style_overwrite">2</field>
        </record>
        <record id="ncc_financial_report_es_87" model="account.financial.report">
            <field name="name">TOTAL DEL ACTIVO</field>
            <field name="sign">1</field>
            <field name="type">account_report</field>
            <field name="sequence">87</field>
            <field name="parent_id" ref="ncc_financial_report_es"/>
            <field name="account_report_id" ref="ncc_financial_report_es_activo"/>
        </record>
        <record id="ncc_financial_report_es_pasivo" model="account.financial.report">
            <field name="name">PASIVO</field>
            <field name="sign">-1</field>
            <field name="type">sum</field>
            <field name="sequence">87</field>
            <field name="parent_id" ref="ncc_financial_report_es"/>
        </record>
        <record id="ncc_financial_report_es_88" model="account.financial.report">
            <field name="name">Pasivos Circulantes</field>
            <field name="sign">-1</field>
            <field name="type">sum</field>
            <field name="sequence">88</field>
            <field name="parent_id" ref="ncc_financial_report_es_pasivo"/>
            <field name="style_overwrite">1</field>
        </record>
        <record id="ncc_financial_report_es_89" model="account.financial.report">
            <field name="name">Sobregiro Bancario (400)</field>
            <field name="sign">-1</field>
            <field name="type">accounts</field>
            <field name="sequence">89</field>
            <field name="display_detail">detail_with_hierarchy</field>
            <field name="parent_id" ref="ncc_financial_report_es_88"/>
            <field name="account_ids" search="[('code', '=like', '400%')]"/>
            <field name="style_overwrite">2</field>
        </record>
        <record id="ncc_financial_report_es_90" model="account.financial.report">
            <field name="name">Efectos por Pagar a Corto Plazo (401-404)</field>
            <field name="sign">-1</field>
            <field name="type">accounts</field>
            <field name="sequence">90</field>
            <field name="display_detail">detail_with_hierarchy</field>
            <field name="parent_id" ref="ncc_financial_report_es_88"/>
            <field name="style_overwrite">2</field>
            <field name="account_ids" search="[
            '|', '|',
            ('code', '=like', '401%'),
            ('code', '=like', '402%'),
            ('code', '=like', '403%')
            ]"/>
        </record>
        <record id="ncc_financial_report_es_91" model="account.financial.report">
            <field name="name">Cuentas por Pagar a Corto Plazo (405-415)</field>
            <field name="sign">-1</field>
            <field name="type">accounts</field>
            <field name="sequence">91</field>
            <field name="display_detail">detail_with_hierarchy</field>
            <field name="parent_id" ref="ncc_financial_report_es_88"/>
            <field name="style_overwrite">2</field>
            <field name="account_ids" search="[
            '|', '|', '|', '|', '|', '|', '|', '|', '|', '|',
            ('code', '=like', '405%'),
            ('code', '=like', '406%'),
            ('code', '=like', '407%'),
            ('code', '=like', '408%'),
            ('code', '=like', '409%'),
            ('code', '=like', '410%'),
            ('code', '=like', '411%'),
            ('code', '=like', '412%'),
            ('code', '=like', '413%'),
            ('code', '=like', '414%'),
            ('code', '=like', '415%')
            ]"/>
        </record>
        <record id="ncc_financial_report_es_92" model="account.financial.report">
            <field name="name">Cobros por Cuenta de Terceros (416)</field>
            <field name="sign">-1</field>
            <field name="type">accounts</field>
            <field name="sequence">92</field>
            <field name="display_detail">detail_with_hierarchy</field>
            <field name="parent_id" ref="ncc_financial_report_es_88"/>
            <field name="account_ids" search="[('code', '=like', '416%')]"/>
            <field name="style_overwrite">2</field>
        </record>
        <record id="ncc_financial_report_es_93" model="account.financial.report">
            <field name="name">Dividendos y Participaciones por Pagar (417)</field>
            <field name="sign">-1</field>
            <field name="type">accounts</field>
            <field name="sequence">93</field>
            <field name="display_detail">detail_with_hierarchy</field>
            <field name="parent_id" ref="ncc_financial_report_es_88"/>
            <field name="account_ids" search="[('code', '=like', '417%')]"/>
            <field name="style_overwrite">2</field>
        </record>
        <record id="ncc_financial_report_es_94" model="account.financial.report">
            <field name="name">Cuentas en Participación (418-420)</field>
            <field name="sign">-1</field>
            <field name="type">accounts</field>
            <field name="sequence">94</field>
            <field name="display_detail">detail_with_hierarchy</field>
            <field name="parent_id" ref="ncc_financial_report_es_88"/>
            <field name="style_overwrite">2</field>
            <field name="account_ids" search="[
            '|', '|',
            ('code', '=like', '418%'),
            ('code', '=like', '419%'),
            ('code', '=like', '420%'),
            ]"/>
        </record>
        <record id="ncc_financial_report_es_95" model="account.financial.report">
            <field name="name">Cuentas por Pagar - Activos Fijos Tangibles (421-424)</field>
            <field name="sign">-1</field>
            <field name="type">accounts</field>
            <field name="sequence">95</field>
            <field name="display_detail">detail_with_hierarchy</field>
            <field name="parent_id" ref="ncc_financial_report_es_88"/>
            <field name="style_overwrite">2</field>
            <field name="account_ids" search="[
            '|', '|', '|',
            ('code', '=like', '421%'),
            ('code', '=like', '422%'),
            ('code', '=like', '423%'),
            ('code', '=like', '424%')
            ]"/>
        </record>
        <record id="ncc_financial_report_es_96" model="account.financial.report">
            <field name="name">Cuentas por Pagar del Proceso Inversionista (425-429)</field>
            <field name="sign">-1</field>
            <field name="type">accounts</field>
            <field name="sequence">96</field>
            <field name="display_detail">detail_with_hierarchy</field>
            <field name="parent_id" ref="ncc_financial_report_es_88"/>
            <field name="style_overwrite">2</field>
            <field name="account_ids" search="[
            '|', '|', '|', '|',
            ('code', '=like', '425%'),
            ('code', '=like', '426%'),
            ('code', '=like', '427%'),
            ('code', '=like', '428%'),
            ('code', '=like', '429%')
            ]"/>
        </record>
        <record id="ncc_financial_report_es_97" model="account.financial.report">
            <field name="name">Cobros Anticipados (430-433)</field>
            <field name="sign">-1</field>
            <field name="type">accounts</field>
            <field name="sequence">97</field>
            <field name="display_detail">detail_with_hierarchy</field>
            <field name="parent_id" ref="ncc_financial_report_es_88"/>
            <field name="style_overwrite">2</field>
            <field name="account_ids" search="[
            '|', '|', '|',
            ('code', '=like', '430%'),
            ('code', '=like', '431%'),
            ('code', '=like', '432%'),
            ('code', '=like', '433%')
            ]"/>
        </record>
        <record id="ncc_financial_report_es_98" model="account.financial.report">
            <field name="name">Materiales Recibidos de Forma Anticipada (434)</field>
            <field name="sign">-1</field>
            <field name="type">accounts</field>
            <field name="sequence">98</field>
            <field name="display_detail">detail_with_hierarchy</field>
            <field name="parent_id" ref="ncc_financial_report_es_88"/>
            <field name="account_ids" search="[('code', '=like', '434%')]"/>
            <field name="style_overwrite">2</field>
        </record>
        <record id="ncc_financial_report_es_99" model="account.financial.report">
            <field name="name">Depósitos Recibidos (435-439)</field>
            <field name="sign">-1</field>
            <field name="type">accounts</field>
            <field name="sequence">99</field>
            <field name="display_detail">detail_with_hierarchy</field>
            <field name="parent_id" ref="ncc_financial_report_es_88"/>
            <field name="style_overwrite">2</field>
            <field name="account_ids" search="[
            '|', '|', '|', '|',
            ('code', '=like', '435%'),
            ('code', '=like', '436%'),
            ('code', '=like', '437%'),
            ('code', '=like', '438%'),
            ('code', '=like', '439%')
            ]"/>
        </record>
        <record id="ncc_financial_report_es_100" model="account.financial.report">
            <field name="name">Obligaciones con el Presupuesto del Estado (440-449)</field>
            <field name="sign">-1</field>
            <field name="type">accounts</field>
            <field name="sequence">100</field>
            <field name="display_detail">detail_with_hierarchy</field>
            <field name="parent_id" ref="ncc_financial_report_es_88"/>
            <field name="account_ids" search="[('code', '=like', '44%')]"/>
            <field name="style_overwrite">2</field>
        </record>
        <record id="ncc_financial_report_es_101" model="account.financial.report">
            <field name="name">Obligaciones con el Órgano u Organismo (450-453)</field>
            <field name="sign">-1</field>
            <field name="type">accounts</field>
            <field name="sequence">101</field>
            <field name="display_detail">detail_with_hierarchy</field>
            <field name="parent_id" ref="ncc_financial_report_es_88"/>
            <field name="style_overwrite">2</field>
            <field name="account_ids" search="[
            '|', '|', '|',
            ('code', '=like', '450%'),
            ('code', '=like', '451%'),
            ('code', '=like', '452%'),
            ('code', '=like', '453%')
            ]"/>
        </record>
        <record id="ncc_financial_report_es_102" model="account.financial.report">
            <field name="name">Nóminas por Pagar (455-459)</field>
            <field name="sign">-1</field>
            <field name="type">accounts</field>
            <field name="sequence">102</field>
            <field name="display_detail">detail_with_hierarchy</field>
            <field name="parent_id" ref="ncc_financial_report_es_88"/>
            <field name="style_overwrite">2</field>
            <field name="account_ids" search="[
            '|', '|', '|', '|',
            ('code', '=like', '455%'),
            ('code', '=like', '456%'),
            ('code', '=like', '457%'),
            ('code', '=like', '458%'),
            ('code', '=like', '459%')
            ]"/>
        </record>
        <record id="ncc_financial_report_es_103" model="account.financial.report">
            <field name="name">Retenciones por Pagar (460-469)</field>
            <field name="sign">-1</field>
            <field name="type">accounts</field>
            <field name="sequence">103</field>
            <field name="display_detail">detail_with_hierarchy</field>
            <field name="parent_id" ref="ncc_financial_report_es_88"/>
            <field name="account_ids" search="[('code', '=like', '46%')]"/>
            <field name="style_overwrite">2</field>
        </record>
        <record id="ncc_financial_report_es_104" model="account.financial.report">
            <field name="name">Préstamos Recibidos y Otras Operaciones Crediticias por Pagar (470-479)</field>
            <field name="sign">-1</field>
            <field name="type">accounts</field>
            <field name="sequence">104</field>
            <field name="display_detail">detail_with_hierarchy</field>
            <field name="parent_id" ref="ncc_financial_report_es_88"/>
            <field name="account_ids" search="[('code', '=like', '47%')]"/>
            <field name="style_overwrite">2</field>
        </record>
        <record id="ncc_financial_report_es_105" model="account.financial.report">
            <field name="name">Gastos Acumulados por Pagar (480-489)</field>
            <field name="sign">-1</field>
            <field name="type">accounts</field>
            <field name="sequence">105</field>
            <field name="display_detail">detail_with_hierarchy</field>
            <field name="parent_id" ref="ncc_financial_report_es_88"/>
            <field name="account_ids" search="[('code', '=like', '48%')]"/>
            <field name="style_overwrite">2</field>
        </record>
        <record id="ncc_financial_report_es_106" model="account.financial.report">
            <field name="name">Provisión para Vacaciones (492)</field>
            <field name="sign">-1</field>
            <field name="type">accounts</field>
            <field name="sequence">106</field>
            <field name="display_detail">detail_with_hierarchy</field>
            <field name="parent_id" ref="ncc_financial_report_es_88"/>
            <field name="account_ids" search="[('code', '=like', '49%')]"/>
            <field name="style_overwrite">2</field>
        </record>
        <record id="ncc_financial_report_es_107" model="account.financial.report">
            <field name="name">Otras Provisiones Operacionales (493-499)</field>
            <field name="sign">-1</field>
            <field name="type">accounts</field>
            <field name="sequence">107</field>
            <field name="display_detail">detail_with_hierarchy</field>
            <field name="parent_id" ref="ncc_financial_report_es_88"/>
            <field name="style_overwrite">2</field>
            <field name="account_ids" search="[
            '|', '|', '|', '|', '|', '|',
            ('code', '=like', '493%'),
            ('code', '=like', '494%'),
            ('code', '=like', '495%'),
            ('code', '=like', '496%'),
            ('code', '=like', '497%'),
            ('code', '=like', '498%'),
            ('code', '=like', '499%')
            ]"/>
        </record>
        <record id="ncc_financial_report_es_108" model="account.financial.report">
            <field name="name">Provisión para Pagos de los Subsidios de Seguridad Social a Corto Plazo (500)</field>
            <field name="sign">-1</field>
            <field name="type">accounts</field>
            <field name="sequence">108</field>
            <field name="display_detail">detail_with_hierarchy</field>
            <field name="parent_id" ref="ncc_financial_report_es_88"/>
            <field name="account_ids" search="[('code', '=like', '500%')]"/>
            <field name="style_overwrite">2</field>
        </record>
        <record id="ncc_financial_report_es_110" model="account.financial.report">
            <field name="name">Pasivos a Largo Plazo</field>
            <field name="sign">-1</field>
            <field name="type">sum</field>
            <field name="sequence">110</field>
            <field name="parent_id" ref="ncc_financial_report_es_pasivo"/>
            <field name="style_overwrite">1</field>
        </record>
        <record id="ncc_financial_report_es_111" model="account.financial.report">
            <field name="name">Efectos por Pagar a Largo Plazo (510-514)</field>
            <field name="sign">-1</field>
            <field name="type">accounts</field>
            <field name="sequence">111</field>
            <field name="display_detail">detail_with_hierarchy</field>
            <field name="parent_id" ref="ncc_financial_report_es_110"/>
            <field name="style_overwrite">2</field>
            <field name="account_ids" search="[
            '|', '|', '|', '|',
            ('code', '=like', '510%'),
            ('code', '=like', '511%'),
            ('code', '=like', '512%'),
            ('code', '=like', '513%'),
            ('code', '=like', '514%')
            ]"/>
        </record>
        <record id="ncc_financial_report_es_112" model="account.financial.report">
            <field name="name">Cuentas por Pagar a Largo Plazo (515-518)</field>
            <field name="sign">-1</field>
            <field name="type">accounts</field>
            <field name="sequence">112</field>
            <field name="display_detail">detail_with_hierarchy</field>
            <field name="parent_id" ref="ncc_financial_report_es_110"/>
            <field name="style_overwrite">2</field>
            <field name="account_ids" search="[
            '|', '|', '|',
            ('code', '=like', '515%'),
            ('code', '=like', '516%'),
            ('code', '=like', '517%'),
            ('code', '=like', '518%')
            ]"/>
        </record>
        <record id="ncc_financial_report_es_113" model="account.financial.report">
            <field name="name">Préstamos Recibidos por Pagar a Largo Plazo (520-524)</field>
            <field name="sign">-1</field>
            <field name="type">accounts</field>
            <field name="sequence">113</field>
            <field name="display_detail">detail_with_hierarchy</field>
            <field name="parent_id" ref="ncc_financial_report_es_110"/>
            <field name="style_overwrite">2</field>
            <field name="account_ids" search="[
            '|', '|', '|', '|',
            ('code', '=like', '520%'),
            ('code', '=like', '521%'),
            ('code', '=like', '522%'),
            ('code', '=like', '523%'),
            ('code', '=like', '524%')
            ]"/>
        </record>
        <record id="ncc_financial_report_es_114" model="account.financial.report">
            <field name="name">Obligaciones a Largo Plazo (525-532)</field>
            <field name="sign">-1</field>
            <field name="type">accounts</field>
            <field name="sequence">114</field>
            <field name="display_detail">detail_with_hierarchy</field>
            <field name="parent_id" ref="ncc_financial_report_es_110"/>
            <field name="style_overwrite">2</field>
            <field name="account_ids" search="[
            '|', '|', '|', '|', '|', '|', '|',
            ('code', '=like', '525%'),
            ('code', '=like', '526%'),
            ('code', '=like', '527%'),
            ('code', '=like', '528%'),
            ('code', '=like', '529%'),
            ('code', '=like', '530%'),
            ('code', '=like', '531%'),
            ('code', '=like', '532%')
            ]"/>
        </record>
        <record id="ncc_financial_report_es_115" model="account.financial.report">
            <field name="name">Otras Provisiones a Largo Plazo (533-539)</field>
            <field name="sign">-1</field>
            <field name="type">accounts</field>
            <field name="sequence">115</field>
            <field name="display_detail">detail_with_hierarchy</field>
            <field name="parent_id" ref="ncc_financial_report_es_110"/>
            <field name="style_overwrite">2</field>
            <field name="account_ids" search="[
            '|', '|', '|', '|', '|', '|',
            ('code', '=like', '533%'),
            ('code', '=like', '534%'),
            ('code', '=like', '535%'),
            ('code', '=like', '536%'),
            ('code', '=like', '537%'),
            ('code', '=like', '538%'),
            ('code', '=like', '539%')
            ]"/>
        </record>
        <record id="ncc_financial_report_es_116" model="account.financial.report">
            <field name="name">Bonos por Pagar (540)-(144)-(363)</field>
            <field name="sign">-1</field>
            <field name="type">accounts</field>
            <field name="sequence">116</field>
            <field name="display_detail">detail_with_hierarchy</field>
            <field name="parent_id" ref="ncc_financial_report_es_110"/>
            <field name="style_overwrite">2</field>
            <field name="account_ids" search="[
            '|', '|',
            ('code', '=like', '540%'),
            ('code', '=like', '144%'),
            ('code', '=like', '363%')
            ]"/>
        </record>
        <record id="ncc_financial_report_es_117" model="account.financial.report">
            <field name="name">Bonos Suscritos (541)</field>
            <field name="sign">-1</field>
            <field name="type">accounts</field>
            <field name="sequence">117</field>
            <field name="display_detail">detail_with_hierarchy</field>
            <field name="parent_id" ref="ncc_financial_report_es_110"/>
            <field name="style_overwrite">2</field>
            <field name="account_ids" search="[('code', '=like', '541%')]"/>
        </record>
        <record id="ncc_financial_report_es_118" model="account.financial.report">
            <field name="name">Pasivos Diferidos</field>
            <field name="sign">-1</field>
            <field name="type">sum</field>
            <field name="sequence">118</field>
            <field name="parent_id" ref="ncc_financial_report_es_pasivo"/>
            <field name="style_overwrite">1</field>
        </record>
        <record id="ncc_financial_report_es_119" model="account.financial.report">
            <field name="name">Ingresos Diferidos (545-548)</field>
            <field name="sign">-1</field>
            <field name="type">accounts</field>
            <field name="sequence">119</field>
            <field name="display_detail">detail_with_hierarchy</field>
            <field name="parent_id" ref="ncc_financial_report_es_118"/>
            <field name="style_overwrite">2</field>
            <field name="account_ids" search="[
            '|', '|', '|',
            ('code', '=like', '545%'),
            ('code', '=like', '546%'),
            ('code', '=like', '547%'),
            ('code', '=like', '548%')
            ]"/>
        </record>
        <record id="ncc_financial_report_es_120" model="account.financial.report">
            <field name="name">Ingresos Diferidos por Donaciones Recibidas (549)</field>
            <field name="sign">-1</field>
            <field name="type">accounts</field>
            <field name="sequence">120</field>
            <field name="display_detail">detail_with_hierarchy</field>
            <field name="parent_id" ref="ncc_financial_report_es_118"/>
            <field name="account_ids" search="[('code', '=like', '549%')]"/>
            <field name="style_overwrite">2</field>
        </record>
        <record id="ncc_financial_report_es_121" model="account.financial.report">
            <field name="name">Otros Pasivos</field>
            <field name="sign">-1</field>
            <field name="type">sum</field>
            <field name="sequence">121</field>
            <field name="parent_id" ref="ncc_financial_report_es_pasivo"/>
            <field name="style_overwrite">1</field>
        </record>
        <record id="ncc_financial_report_es_122" model="account.financial.report">
            <field name="name">Sobrantes en Investigación (555-564)</field>
            <field name="sign">-1</field>
            <field name="type">accounts</field>
            <field name="sequence">122</field>
            <field name="display_detail">detail_with_hierarchy</field>
            <field name="parent_id" ref="ncc_financial_report_es_121"/>
            <field name="style_overwrite">2</field>
            <field name="account_ids" search="[
            '|', '|', '|', '|', '|', '|', '|', '|', '|',
            ('code', '=like', '555%'),
            ('code', '=like', '556%'),
            ('code', '=like', '557%'),
            ('code', '=like', '558%'),
            ('code', '=like', '559%'),
            ('code', '=like', '560%'),
            ('code', '=like', '561%'),
            ('code', '=like', '562%'),
            ('code', '=like', '563%'),
            ('code', '=like', '564%')
            ]"/>
        </record>
        <record id="ncc_financial_report_es_123" model="account.financial.report">
            <field name="name">Cuentas por Pagar Diversas (565-568)</field>
            <field name="sign">-1</field>
            <field name="type">accounts</field>
            <field name="sequence">123</field>
            <field name="display_detail">detail_with_hierarchy</field>
            <field name="parent_id" ref="ncc_financial_report_es_121"/>
            <field name="style_overwrite">2</field>
            <field name="account_ids" search="[
            '|', '|', '|',
            ('code', '=like', '565%'),
            ('code', '=like', '566%'),
            ('code', '=like', '567%'),
            ('code', '=like', '568%')
            ]"/>
        </record>
        <record id="ncc_financial_report_es_124" model="account.financial.report">
            <field name="name">Cuentas por Pagar – Compra de Monedas (569)</field>
            <field name="sign">-1</field>
            <field name="type">accounts</field>
            <field name="sequence">124</field>
            <field name="display_detail">detail_with_hierarchy</field>
            <field name="parent_id" ref="ncc_financial_report_es_121"/>
            <field name="account_ids" search="[('code', '=like', '569%')]"/>
            <field name="style_overwrite">2</field>
        </record>
        <record id="ncc_financial_report_es_125" model="account.financial.report">
            <field name="name">Ingresos de Períodos Futuros (570-574)</field>
            <field name="sign">-1</field>
            <field name="type">accounts</field>
            <field name="sequence">125</field>
            <field name="display_detail">detail_with_hierarchy</field>
            <field name="parent_id" ref="ncc_financial_report_es_121"/>
            <field name="style_overwrite">2</field>
            <field name="account_ids" search="[
            '|', '|', '|', '|',
            ('code', '=like', '570%'),
            ('code', '=like', '571%'),
            ('code', '=like', '572%'),
            ('code', '=like', '573%'),
            ('code', '=like', '574%')
            ]"/>
        </record>
        <record id="ncc_financial_report_es_126" model="account.financial.report">
            <field name="name">Obligación con el Presupuesto del Estado por Garantía Activada (575)</field>
            <field name="sign">-1</field>
            <field name="type">accounts</field>
            <field name="sequence">126</field>
            <field name="display_detail">detail_with_hierarchy</field>
            <field name="parent_id" ref="ncc_financial_report_es_121"/>
            <field name="account_ids" search="[('code', '=like', '575%')]"/>
            <field name="style_overwrite">2</field>
        </record>
        <record id="ncc_financial_report_es_127" model="account.financial.report">
            <field name="name">TOTAL DEL PASIVO</field>
            <field name="sign">-1</field>
            <field name="type">account_report</field>
            <field name="sequence">127</field>
            <field name="parent_id" ref="ncc_financial_report_es"/>
            <field name="account_report_id" ref="ncc_financial_report_es_pasivo"/>
        </record>
        <record id="ncc_financial_report_es_patrimonio" model="account.financial.report">
            <field name="name">PATRIMONIO</field>
            <field name="sign">-1</field>
            <field name="type">sum</field>
            <field name="sequence">127</field>
            <field name="parent_id" ref="ncc_financial_report_es"/>
        </record>
        <record id="ncc_financial_report_es_129" model="account.financial.report">
            <field name="name">Patrimonio y Fondo Común (600)</field>
            <field name="sign">-1</field>
            <field name="type">accounts</field>
            <field name="sequence">129</field>
            <field name="display_detail">detail_with_hierarchy</field>
            <field name="parent_id" ref="ncc_financial_report_es_patrimonio"/>
            <field name="account_ids" search="[('code', '=like', '600%')]"/>
            <field name="style_overwrite">1</field>
        </record>
        <record id="ncc_financial_report_es_130" model="account.financial.report">
            <field name="name">Capital Social Suscrito y Pagado</field>
            <field name="sign">-1</field>
            <field name="type">accounts</field>
            <field name="sequence">130</field>
            <field name="display_detail">detail_with_hierarchy</field>
            <field name="parent_id" ref="ncc_financial_report_es_patrimonio"/>
            <field name="account_ids" search="[('code', '=like', '601%')]"/>
            <field name="style_overwrite">1</field>
        </record>
        <record id="ncc_financial_report_es_132" model="account.financial.report">
            <field name="name">Donaciones Recibidas – Nacionales (620)</field>
            <field name="sign">-1</field>
            <field name="type">accounts</field>
            <field name="sequence">132</field>
            <field name="display_detail">detail_with_hierarchy</field>
            <field name="parent_id" ref="ncc_financial_report_es_patrimonio"/>
            <field name="account_ids" search="[('code', '=like', '620%')]"/>
            <field name="style_overwrite">1</field>
        </record>
        <record id="ncc_financial_report_es_133" model="account.financial.report">
            <field name="name">Donaciones Recibidas – Exterior (621)</field>
            <field name="sign">-1</field>
            <field name="type">accounts</field>
            <field name="sequence">133</field>
            <field name="display_detail">detail_with_hierarchy</field>
            <field name="parent_id" ref="ncc_financial_report_es_patrimonio"/>
            <field name="account_ids" search="[('code', '=like', '621%')]"/>
            <field name="style_overwrite">1</field>
        </record>
        <record id="ncc_financial_report_es_134" model="account.financial.report">
            <field name="name">Utilidades Retenidas (630-634)</field>
            <field name="sign">-1</field>
            <field name="type">accounts</field>
            <field name="sequence">134</field>
            <field name="display_detail">detail_with_hierarchy</field>
            <field name="parent_id" ref="ncc_financial_report_es_patrimonio"/>
            <field name="style_overwrite">1</field>
            <field name="account_ids" search="[
            '|', '|', '|', '|',
            ('code', '=like', '630%'),
            ('code', '=like', '631%'),
            ('code', '=like', '632%'),
            ('code', '=like', '633%'),
            ('code', '=like', '634%')
            ]"/>
        </record>
        <record id="ncc_financial_report_es_135" model="account.financial.report">
            <field name="name">Subvención por Pérdida (635-639)</field>
            <field name="sign">-1</field>
            <field name="type">accounts</field>
            <field name="sequence">135</field>
            <field name="display_detail">detail_with_hierarchy</field>
            <field name="parent_id" ref="ncc_financial_report_es_patrimonio"/>
            <field name="style_overwrite">1</field>
            <field name="account_ids" search="[
            '|', '|', '|', '|',
            ('code', '=like', '635%'),
            ('code', '=like', '636%'),
            ('code', '=like', '637%'),
            ('code', '=like', '638%'),
            ('code', '=like', '639%')
            ]"/>
        </record>
        <record id="ncc_financial_report_es_136" model="account.financial.report">
            <field name="name">Reservas para Contingencias (645)</field>
            <field name="sign">-1</field>
            <field name="type">accounts</field>
            <field name="sequence">136</field>
            <field name="display_detail">detail_with_hierarchy</field>
            <field name="parent_id" ref="ncc_financial_report_es_patrimonio"/>
            <field name="account_ids" search="[('code', '=like', '645%')]"/>
            <field name="style_overwrite">1</field>
        </record>
        <record id="ncc_financial_report_es_137" model="account.financial.report">
            <field name="name">Otras Reservas Patrimoniales (646-654)</field>
            <field name="sign">-1</field>
            <field name="type">accounts</field>
            <field name="sequence">137</field>
            <field name="display_detail">detail_with_hierarchy</field>
            <field name="parent_id" ref="ncc_financial_report_es_patrimonio"/>
            <field name="style_overwrite">1</field>
            <field name="account_ids" search="[
            '|', '|', '|', '|','|', '|', '|', '|',
            ('code', '=like', '646%'),
            ('code', '=like', '647%'),
            ('code', '=like', '648%'),
            ('code', '=like', '649%'),
            ('code', '=like', '650%'),
            ('code', '=like', '651%'),
            ('code', '=like', '652%'),
            ('code', '=like', '653%'),
            ('code', '=like', '654%')
            ]"/>
        </record>
        <record id="ncc_financial_report_es_140" model="account.financial.report">
            <field name="name">Donaciones Entregadas - Nacionales (626)</field>
            <field name="sign">-1</field>
            <field name="type">accounts</field>
            <field name="sequence">140</field>
            <field name="display_detail">detail_with_hierarchy</field>
            <field name="parent_id" ref="ncc_financial_report_es_patrimonio"/>
            <field name="account_ids" search="[('code', '=like', '626%')]"/>
            <field name="style_overwrite">1</field>
        </record>
        <record id="ncc_financial_report_es_141" model="account.financial.report">
            <field name="name">Donaciones Entregadas - Exterior (627)</field>
            <field name="sign">-1</field>
            <field name="type">accounts</field>
            <field name="sequence">141</field>
            <field name="display_detail">detail_with_hierarchy</field>
            <field name="parent_id" ref="ncc_financial_report_es_patrimonio"/>
            <field name="account_ids" search="[('code', '=like', '627%')]"/>
            <field name="style_overwrite">1</field>
        </record>
        <record id="ncc_financial_report_es_142" model="account.financial.report">
            <field name="name">Pago a Cuenta de las Utilidades (690)</field>
            <field name="sign">-1</field>
            <field name="type">accounts</field>
            <field name="sequence">142</field>
            <field name="display_detail">detail_with_hierarchy</field>
            <field name="parent_id" ref="ncc_financial_report_es_patrimonio"/>
            <field name="account_ids" search="[('code', '=like', '690%')]"/>
            <field name="style_overwrite">1</field>
        </record>
        <record id="ncc_financial_report_es_143" model="account.financial.report">
            <field name="name">Pago a Cuenta de los Dividendos (691)</field>
            <field name="sign">-1</field>
            <field name="type">accounts</field>
            <field name="sequence">143</field>
            <field name="display_detail">detail_with_hierarchy</field>
            <field name="parent_id" ref="ncc_financial_report_es_patrimonio"/>
            <field name="account_ids" search="[('code', '=like', '691%')]"/>
            <field name="style_overwrite">1</field>
        </record>
        <record id="ncc_financial_report_es_144" model="account.financial.report">
            <field name="name">Pérdida (640-644)</field>
            <field name="sign">-1</field>
            <field name="type">accounts</field>
            <field name="sequence">144</field>
            <field name="display_detail">detail_with_hierarchy</field>
            <field name="parent_id" ref="ncc_financial_report_es_patrimonio"/>
            <field name="style_overwrite">1</field>
            <field name="account_ids" search="[
            '|', '|', '|', '|',
            ('code', '=like', '640%'),
            ('code', '=like', '641%'),
            ('code', '=like', '642%'),
            ('code', '=like', '643%'),
            ('code', '=like', '644%')
            ]"/>
        </record>
        <record id="ncc_financial_report_es_145" model="account.financial.report">
            <field name="name">Revalorización de Activos Fijos Tangibles (613 - 615)</field>
            <field name="sign">-1</field>
            <field name="type">accounts</field>
            <field name="sequence">145</field>
            <field name="display_detail">detail_with_hierarchy</field>
            <field name="parent_id" ref="ncc_financial_report_es_patrimonio"/>
            <field name="style_overwrite">1</field>
            <field name="account_ids" search="[
            '|', '|',
            ('code', '=like', '613%'),
            ('code', '=like', '614%'),
            ('code', '=like', '615%')
            ]"/>
        </record>
        <record id="ncc_financial_report_es_150" model="account.financial.report">
            <field name="name">TOTAL DE PATRIMONIO NETO</field>
            <field name="sign">-1</field>
            <field name="type">account_report</field>
            <field name="sequence">150</field>
            <field name="account_report_id" ref="ncc_financial_report_es_patrimonio"/>
            <field name="parent_id" ref="ncc_financial_report_es"/>
        </record>
        <record id="ncc_financial_report_es_151" model="account.financial.report">
            <field name="name">TOTAL DEL PASIVO Y PATRIMONIO NETO O CAPITAL CONTABLE</field>
            <field name="sign">-1</field>
            <field name="type">account_report</field>
            <field name="sequence">151</field>
            <field name="account_report_id" ref="accounting_pdf_reports.account_financial_report_liabilitysum0"/>
        </record>

    </data>
</odoo>
