<?xml version="1.0" encoding="utf-8"?>
<odoo>
    <data noupdate="1">
<!--        Estado de valor agregado bruto (EFE 5926 – 04) -->
        <record id="financial_report_evab" model="account.financial.report">
            <field name="name">ESTADO DE VALOR AGREGADO BRUTO</field>
            <field name="sign">1</field>
            <field name="type">sum</field>
            <field name="sequence">0</field>
            <field name="visible">False</field>
        </record>
        <record id="financial_report_evab_01" model="account.financial.report">
            <field name="name">Ventas o Ingresos Netos</field>
            <field name="sign">-1</field>
            <field name="type">account_report</field>
            <field name="sequence">1</field>
            <field name="parent_id" ref="financial_report_evab"/>
            <field name="account_report_id" ref="ncc_financial_report_er_07"/>
        </record>
        <record id="financial_report_evab_02" model="account.financial.report">
            <field name="name">Financiamiento Recibido de las Empresas (923)</field>
            <field name="sign">1</field>
            <field name="type">accounts</field>
            <field name="sequence">2</field>
            <field name="display_detail">detail_with_hierarchy</field>
            <field name="account_ids" search="[('code', '=like', '923%')]"/>
            <field name="parent_id" ref="financial_report_evab"/>
        </record>
        <record id="financial_report_evab_03" model="account.financial.report">
            <field name="name">Más: Saldo de la Cuenta Producción en Proceso (700 – 724)</field>
            <field name="sign">1</field>
            <field name="type">account_report</field>
            <field name="sequence">3</field>
            <field name="account_report_id" ref="ncc_financial_report_es_45"/>
            <field name="parent_id" ref="financial_report_evab"/>
        </record>
        <record id="financial_report_evab_04" model="account.financial.report">
            <field name="name">Menos: Saldo de la Cuenta Producción en Proceso al Inicio del Año (700 – 724)</field>
            <field name="sign">1</field>
            <field name="type">accounts</field>
            <field name="sequence">4</field>
            <field name="account_ids" search="[('code', '=like', '700.001%')]"/>
            <field name="display_detail">detail_with_hierarchy</field>
            <field name="parent_id" ref="financial_report_evab"/>
        </record>
        <record id="financial_report_evab_05" model="account.financial.report">
            <field name="name">Saldo de la Cuenta Producción Terminada (188)</field>
            <field name="sign">1</field>
            <field name="type">account_report</field>
            <field name="sequence">5</field>
            <field name="account_report_id" ref="ncc_financial_report_es_30"/>
            <field name="parent_id" ref="financial_report_evab"/>
        </record>
        <record id="financial_report_evab_06" model="account.financial.report">
            <field name="name">Menos: Saldo de la Cuenta Producción Terminada al Inicio del Año (188)</field>
            <field name="sign">1</field>
            <field name="type">accounts</field>
            <field name="sequence">6</field>
            <field name="account_ids" search="[('code', '=like', '188.001%')]"/>
            <field name="display_detail">detail_with_hierarchy</field>
            <field name="parent_id" ref="financial_report_evab"/>
        </record>
        <record id="financial_report_evab_07" model="account.financial.report">
            <field name="name">Menos: Aumento de la existencia de Producción Terminada por
conceptos distintos al de producción y entrega (188 – 0040)</field>
            <field name="sign">1</field>
            <field name="type">accounts</field>
            <field name="sequence">7</field>
            <field name="display_detail">detail_with_hierarchy</field>
            <field name="parent_id" ref="financial_report_evab"/>
            <field name="account_ids" search="[('code', '=like', '188.004%')]"/>
        </record>
        <record id="financial_report_evab_08" model="account.financial.report">
            <field name="name">Más: Disminución de la existencia de Producción Terminada por
conceptos distintos al de producción y entrega (188 – 0050)</field>
            <field name="sign">1</field>
            <field name="type">accounts</field>
            <field name="sequence">8</field>
            <field name="display_detail">detail_with_hierarchy</field>
            <field name="parent_id" ref="financial_report_evab"/>
            <field name="account_ids" search="[('code', '=like', '188.005%')]"/>
        </record>
        <record id="financial_report_evab_09" model="account.financial.report">
            <field name="name">Más: Gastos diferidos del período relacionados con procesos
productivos y de servicios (300 – 305 – 0020)</field>
            <field name="sign">1</field>
            <field name="type">accounts</field>
            <field name="sequence">9</field>
            <field name="display_detail">detail_with_hierarchy</field>
            <field name="parent_id" ref="financial_report_evab"/>
            <field name="account_ids" search="[('code', '=like', '300.002%')]"/>
        </record>
        <record id="financial_report_evab_10" model="account.financial.report">
            <field name="name">Más: Gastos del período de las producciones destinadas al insumo (725 – 0020)</field>
            <field name="sign">1</field>
            <field name="type">accounts</field>
            <field name="sequence">10</field>
            <field name="display_detail">detail_with_hierarchy</field>
            <field name="parent_id" ref="financial_report_evab"/>
            <field name="account_ids" search="[('code', '=like', '725.002%')]"/>
        </record>
        <record id="financial_report_evab_11" model="account.financial.report">
            <field name="name">Más: Saldo de las cuentas de Otros Ingresos e Ingresos Financieros
(Excepto variación de tasas de cambio y los dividendos) (920 – 922 + 950 – 952)</field>
            <field name="sign">-1</field>
            <field name="type">account_reports</field>
            <field name="sequence">11</field>
            <field name="parent_id" ref="financial_report_evab"/>
            <field name="account_report_ids" eval="[(6, 0, [ref('ncc_financial_report_er_31'),
                                                            ref('ncc_financial_report_er_38')])]"/>
        </record>
        <record id="financial_report_evab_12" model="account.financial.report">
            <field name="name">Menos: Gastos incorporados a las producciones en proceso
proveniente del almacén de las producciones de insumo o autoconsumo (196 – 0030)</field>
            <field name="sign">1</field>
            <field name="type">accounts</field>
            <field name="sequence">12</field>
            <field name="display_detail">detail_with_hierarchy</field>
            <field name="parent_id" ref="financial_report_evab"/>
            <field name="account_ids" search="[('code', '=like', '196.003%')]"/>
        </record>
        <record id="financial_report_evab_13" model="account.financial.report">
            <field name="name">Más: Gastos del período de Reparaciones Capitales con Medios Propios (726 – 0020)</field>
            <field name="sign">1</field>
            <field name="type">accounts</field>
            <field name="sequence">13</field>
            <field name="display_detail">detail_with_hierarchy</field>
            <field name="parent_id" ref="financial_report_evab"/>
            <field name="account_ids" search="[('code', '=like', '726.002%')]"/>
        </record>
        <record id="financial_report_evab_14" model="account.financial.report">
            <field name="name">Más: Gastos del período de las Inversiones con Medios Propios Activos Fijos Intangibles (727 - 0020)</field>
            <field name="sign">1</field>
            <field name="type">accounts</field>
            <field name="sequence">14</field>
            <field name="display_detail">detail_with_hierarchy</field>
            <field name="parent_id" ref="financial_report_evab"/>
            <field name="account_ids" search="[('code', '=like', '727.002%')]"/>
        </record>
        <record id="financial_report_evab_15" model="account.financial.report">
            <field name="name">Más: Gastos del período por Inversiones con Medios Propios (728 – 0020)</field>
            <field name="sign">1</field>
            <field name="type">accounts</field>
            <field name="sequence">15</field>
            <field name="display_detail">detail_with_hierarchy</field>
            <field name="parent_id" ref="financial_report_evab"/>
            <field name="account_ids" search="[('code', '=like', '728.002%')]"/>
        </record>
        <record id="financial_report_evab_16" model="account.financial.report">
            <field name="name">Menos: Saldo de la cuenta Costo de Ventas de Mercancías (814 – 817)</field>
            <field name="sign">1</field>
            <field name="type">account_report</field>
            <field name="sequence">16</field>
            <field name="parent_id" ref="financial_report_evab"/>
            <field name="account_report_id" ref="ncc_financial_report_er_09"/>
        </record>
        <record id="financial_report_evab_17" model="account.financial.report">
            <field name="name">PRODUCCIÓN DE BIENES Y SERVICIOS</field>
            <field name="sign">-1</field>
            <field name="type">account_reports</field>
            <field name="sequence">17</field>
            <field name="parent_id" ref="financial_report_evab"/>
            <field name="account_report_ids" eval="[(6, 0, [ref('financial_report_evab_01'),
                                                            ref('financial_report_evab_02'),
                                                            ref('financial_report_evab_03'),
                                                            ref('financial_report_evab_04'),
                                                            ref('financial_report_evab_05'),
                                                            ref('financial_report_evab_06'),
                                                            ref('financial_report_evab_07'),
                                                            ref('financial_report_evab_08'),
                                                            ref('financial_report_evab_09'),
                                                            ref('financial_report_evab_10'),
                                                            ref('financial_report_evab_11'),
                                                            ref('financial_report_evab_12'),
                                                            ref('financial_report_evab_13'),
                                                            ref('financial_report_evab_15'),
                                                            ref('financial_report_evab_16')])]"/>
        </record>
        <record id="financial_report_evab_18" model="account.financial.report">
            <field name="name">Gasto Material</field>
            <field name="sign">1</field>
            <field name="type">account_reports</field>
            <field name="sequence">18</field>
            <field name="parent_id" ref="financial_report_evab"/>
            <field name="account_report_ids" eval="[(6, 0, [ref('ncc_financial_report_ege_01'),
                                                            ref('ncc_financial_report_ege_02'),
                                                            ref('ncc_financial_report_ege_03')])]"/>
        </record>
        <record id="financial_report_evab_19" model="account.financial.report">
            <field name="name">Otros Gastos Monetarios</field>
            <field name="sign">1</field>
            <field name="type">account_report</field>
            <field name="sequence">19</field>
            <field name="parent_id" ref="financial_report_evab"/>
            <field name="account_report_id" ref="ncc_financial_report_ege_11"/>
        </record>
        <record id="financial_report_evab_21" model="account.financial.report">
            <field name="name">CONSUMO INTERMEDIO</field>
            <field name="sign">1</field>
            <field name="type">account_reports</field>
            <field name="sequence">21</field>
            <field name="parent_id" ref="financial_report_evab"/>
            <field name="account_report_ids" eval="[(6, 0, [ref('financial_report_evab_18'),
                                                            ref('financial_report_evab_19')])]"/>
        </record>
        <record id="financial_report_evab_22" model="account.financial.report">
            <field name="name">VALOR AGREGADO BRUTO CREADO</field>
            <field name="sign">-1</field>
            <field name="type">account_reports</field>
            <field name="sequence">22</field>
            <field name="parent_id" ref="financial_report_evab"/>
            <field name="account_report_ids" eval="[(6, 0, [ref('financial_report_evab_17'),
                                                            ref('financial_report_evab_21')])]"/>
        </record>
    </data>
</odoo>
