<?xml version="1.0" encoding="utf-8"?>
<odoo>
    <data noupdate="1">
<!--    (EFE 5927 – 00) -->
        <record id="financial_report_5927_00" model="account.financial.report">
            <field name="name">ESTADO DE PAGOS A PERSONAS NATURALES Y OTRAS FORMAS DE GESTIÓN NO ESTATAL</field>
            <field name="sign">1</field>
            <field name="type">sum</field>
            <field name="sequence">0</field>
            <field name="visible">False</field>
        </record>
        <record id="financial_report_5927_00_01" model="account.financial.report">
            <field name="name">Efectos por Pagar a Corto Plazo (401 a 404)</field>
            <field name="sign">1</field>
            <field name="type">accounts</field>
            <field name="sequence">1</field>
            <field name="parent_id" ref="financial_report_5927_00"/>
<!--            <field name="account_ids" search="[('code', 'like', '923.%')]"/>-->
        </record>
        <record id="financial_report_5927_00_02" model="account.financial.report">
            <field name="name">Cuentas por Pagar a Corto Plazo (405 a 415)</field>
            <field name="sign">1</field>
            <field name="type">accounts</field>
            <field name="sequence">2</field>
            <field name="display_detail">detail_with_hierarchy</field>
<!--            <field name="account_ids" search="[('code', 'like', '923.%')]"/>-->
            <field name="parent_id" ref="financial_report_5927_00"/>
        </record>
        <record id="financial_report_5927_00_03" model="account.financial.report">
            <field name="name">Cuentas por Pagar - Activos Fijos Tangibles (421 a 424)</field>
            <field name="sign">1</field>
            <field name="type">accounts</field>
            <field name="sequence">3</field>
            <field name="display_detail">detail_with_hierarchy</field>
<!--            <field name="account_ids" search="[('code', 'like', '923.%')]"/>-->
            <field name="parent_id" ref="financial_report_5927_00"/>
        </record>
        <record id="financial_report_5927_00_04" model="account.financial.report">
            <field name="name">Cuentas por Pagar del Proceso Inversionista (425 a 429)</field>
            <field name="sign">1</field>
            <field name="type">accounts</field>
            <field name="sequence">4</field>
            <field name="display_detail">detail_with_hierarchy</field>
<!--            <field name="account_ids" search="[('code', 'like', '923.%')]"/>-->
            <field name="parent_id" ref="financial_report_5927_00"/>
        </record>
        <record id="financial_report_5927_00_05" model="account.financial.report">
            <field name="name">Cuentas por Pagar a Largo Plazo (515 a 518)</field>
            <field name="sign">1</field>
            <field name="type">accounts</field>
            <field name="sequence">5</field>
            <field name="display_detail">detail_with_hierarchy</field>
<!--            <field name="account_ids" search="[('code', 'like', '923.%')]"/>-->
            <field name="parent_id" ref="financial_report_5927_00"/>
        </record>
        <record id="financial_report_5927_00_06" model="account.financial.report">
            <field name="name">Obligaciones a Largo Plazo (525 a 532)</field>
            <field name="sign">1</field>
            <field name="type">accounts</field>
            <field name="sequence">6</field>
            <field name="display_detail">detail_with_hierarchy</field>
<!--            <field name="account_ids" search="[('code', 'like', '923.%')]"/>-->
            <field name="parent_id" ref="financial_report_5927_00"/>
        </record>
        <record id="financial_report_5927_00_07" model="account.financial.report">
            <field name="name">Cuentas por Pagar Diversas (565 a 568)</field>
            <field name="sign">1</field>
            <field name="type">accounts</field>
            <field name="sequence">7</field>
            <field name="display_detail">detail_with_hierarchy</field>
<!--            <field name="account_ids" search="[('code', 'like', '923.%')]"/>-->
            <field name="parent_id" ref="financial_report_5927_00"/>
        </record>
<!--        <record id="financial_report_5927_00_08" model="account.financial.report">-->
<!--            <field name="name">TOTAL PAGADO</field>-->
<!--            <field name="sign">1</field>-->
<!--            <field name="type">account_report</field>-->
<!--            <field name="sequence">1</field>-->
<!--            <field name="parent_id" ref="financial_report_5927_00"/>-->
<!--            <field name="account_report_id" ref="financial_report_5927_00"/>-->
<!--        </record>-->
    </data>
</odoo>
