<?xml version="1.0" encoding="utf-8"?>
<odoo>
	<data noupdate="1">

	<!-- res.country.states -->
	<record id="state_23" model="res.country.state">
		<field name="code">23</field>
		<field name="name">La Habana</field>
		<field name="country_id" ref="base.cu"/>
	</record>

	<record id="state_22" model="res.country.state">
		<field name="code">22</field>
		<field name="name">Artemisa</field>
		<field name="country_id" ref="base.cu"/>
	</record>

	<record id="state_24" model="res.country.state">
		<field name="code">24</field>
		<field name="name">Mayabeque</field>
		<field name="country_id" ref="base.cu"/>
	</record>

	<record id="state_21" model="res.country.state">
		<field name="code">21</field>
		<field name="name">Pinar del Río</field>
		<field name="country_id" ref="base.cu"/>
	</record>

	<record id="state_25" model="res.country.state">
		<field name="code">25</field>
		<field name="name">Matanzas</field>
		<field name="country_id" ref="base.cu"/>
	</record>

	<record id="state_27" model="res.country.state">
		<field name="code">27</field>
		<field name="name">Cienfuegos</field>
		<field name="country_id" ref="base.cu"/>
	</record>

	<record id="state_26" model="res.country.state">
		<field name="code">26</field>
		<field name="name">Villa Clara</field>
		<field name="country_id" ref="base.cu"/>
	</record>

	<record id="state_28" model="res.country.state">
		<field name="code">28</field>
		<field name="name">Santi Spiritus</field>
		<field name="country_id" ref="base.cu"/>
	</record>

	<record id="state_29" model="res.country.state">
		<field name="code">29</field>
		<field name="name">Ciego de Avila</field>
		<field name="country_id" ref="base.cu"/>
	</record>

	<record id="state_30" model="res.country.state">
		<field name="code">30</field>
		<field name="name">Camagϋey</field>
		<field name="country_id" ref="base.cu"/>
	</record>

	<record id="state_31" model="res.country.state">
		<field name="code">31</field>
		<field name="name">Las Tunas</field>
		<field name="country_id" ref="base.cu"/>
	</record>

	<record id="state_32" model="res.country.state">
		<field name="code">32</field>
		<field name="name">Holguín</field>
		<field name="country_id" ref="base.cu"/>
	</record>

	<record id="state_33" model="res.country.state">
		<field name="code">33</field>
		<field name="name">Granma</field>
		<field name="country_id" ref="base.cu"/>
	</record>

	<record id="state_34" model="res.country.state">
		<field name="code">34</field>
		<field name="name">Santiago de Cuba</field>
		<field name="country_id" ref="base.cu"/>
	</record>

	<record id="state_35" model="res.country.state">
		<field name="code">35</field>
		<field name="name">Guantánamo</field>
		<field name="country_id" ref="base.cu"/>
	</record>

	<record id="state_40" model="res.country.state">
		<field name="code">36</field>
		<field name="name">Isla de la Juventud</field>
		<field name="country_id" ref="base.cu"/>
	</record>
	</data>
</odoo>
